date,symbol,sec,open,prevclose,close,ret,value
2020-07-22,M&MFIN,M&MFIN|20060317,135.0,227.9,153.85,-0.32492321193505924,12696775489.6
2019-03-29,IDEA,IDEA|20070309,17.95,29.0,18.25,-0.3706896551724138,4026980471.45
2007-01-02,INDIABULLS,INDIABULLS|20060102,198.0,660.45,305.45,-0.5375123022181847,2944193235.25
2008-01-21,SUZLON,SUZLON|20060102,424.4,1896.9,366.05,-0.8070272549949918,1056746024.25
2006-09-22,VOLTAS,VOLTAS|20060102,118.95,1073.7,110.8,-0.896805439135699,707019094.6
2013-12-19,STAR,STAR|20060102,351.2,882.3,373.75,-0.5763912501416751,553797136.55
2023-01-20,HERITGFOOD,HERITGFOOD|20060102,174.9,351.5,186.85,-0.46842105263157896,420354411.0
2006-09-12,EIHOTEL,EIHOTEL|20060102,124.7,812.1,120.85,-0.8511882773057505,374651348.25
2026-01-14,AJMERA,AJMERA|20090616,182.9,910.05,185.05,-0.796659524201967,311972156.7
2017-08-10,DWARKESH,DWARKESH|20060102,65.4,667.4,66.45,-0.9004345220257717,304143677.25
2014-09-18,NCC,NCC|20060102,45.0,71.55,46.9,-0.34451432564640116,238825809.75
2007-06-06,COREPROTEC,COREEDUTEC|20070525,128.95,592.35,142.05,-0.7601924537857685,236470936.45
2026-08-06,GENESYS,GENESYS|20060102,215.05,328.7,229.0,-0.30331609370246426,231553004.85
2009-09-16,IVC,IVC|20060102,56.4,256.15,56.4,-0.7798165137614679,174385466.65
2025-07-14,BCG,BCG|20150508,21.8,2.0,20.71,9.355,169558020.06
2015-01-21,RSSOFTWARE,RSSOFTWARE|20060102,305.5,600.6,290.65,-0.516067266067266,118759003.55
2023-03-02,360ONE,360ONE|20190919,489.95,1773.3,441.05,-0.7512829188518582,97385591.0
2008-02-21,GBN,TV18BRDCST|20070208,250.95,1112.7,226.85,-0.7961265390491598,92358872.0
2011-08-29,JBCHEPHARM,JBCHEPHARM|20060102,100.0,141.05,96.45,-0.316199929103155,89094978.2
2025-06-11,SEPC-RE3,SEPC-RE3|20250609,1.15,1.62,1.61,-0.006172839506172867,81512671.26
2021-10-28,VARDHACRLC,VARDHACRLC|20060102,51.0,72.35,56.6,-0.2176917760884588,67925543.9
2024-09-03,CCCL,CCCL|20071015,10.9,1.0,11.44,10.44,65173284.36
2007-08-24,NIITLTD,NIITLTD|20060102,127.85,926.75,130.3,-0.8594011329916375,64565808.8
2006-08-10,CROMPGREAV,CGPOWER|20060102,234.4,1039.7,218.75,-0.7896027700298163,63344347.9
2020-07-09,ABFRL-RE,ABFRL-RE|20200708,32.2,23.0,23.15,0.006521739130434634,48117242.6
2021-04-26,COFFEEDAY,COFFEEDAY|20151102,48.5,26.35,46.1,0.7495256166982922,35904841.65
2007-01-25,PARACABLES,PARACABLES|20070103,56.9,262.3,55.0,-0.7903164315669081,31199013.95
2024-09-20,ROSSELLIND,ROSSELLIND|20120925,179.8,621.65,170.85,-0.7251668945548138,26526276.55
2006-11-17,LAKSHVILAS,LAKSHVILAS|20060102,75.2,163.6,83.95,-0.48685819070904646,25627657.55
2024-03-01,LOWVOLIETF,LOWVOLIETF|20170711,23.25,195.43,19.67,-0.899350150949189,24587175.05
2008-02-15,RPGLS,BRABOURNE|20060102,36.5,65.6,54.75,-0.16539634146341453,22191625.3
2010-10-21,UNICHEMLAB,UNICHEMLAB|20060102,222.0,547.6,228.15,-0.58336376917458,21737864.7
2023-07-18,ANMOL,ANMOL|20210604,49.5,220.2,52.85,-0.7599909173478656,20694529.0
2006-10-17,ELECON,ELECON|20060929,226.0,1240.9,242.2,-0.8048190829236844,19836318.45
2024-03-01,NV20IETF,NV20IETF|20160628,16.3,135.97,13.82,-0.8983599323380157,19627066.4
2012-07-17,SWELECTES,SWELECTES|20060509,155.0,282.55,147.05,-0.479561139621306,19425551.95
2007-03-12,MAX,MFSL|20060102,205.4,944.45,194.05,-0.7945365027264546,17975827.4
2008-02-01,ORIENTPPR,ORIENTPPR|20060102,56.0,622.85,61.05,-0.9019828209039095,16742330.0
2021-10-28,PATINTLOG,PATINTLOG|20080111,15.3,27.8,16.45,-0.40827338129496404,16301385.35
2012-09-24,KILITCH,KILITCH|20100929,35.0,70.9,42.6,-0.39915373765867423,14332314.25
2017-04-07,VSSL,VSSL|20120517,109.0,155.85,105.5,-0.3230670516522297,13226821.15
2017-11-02,KSERASERA,KSERASERA|20061005,0.15,0.1,0.15,0.4999999999999998,11545309.8
2009-04-24,BIRLAPOWER,BIRLAPOWER|20070606,1.9,17.25,1.95,-0.8869565217391304,11073761.8
2008-06-13,SHREEASHTA,SHREEASHTA|20070110,498.75,160.0,503.75,2.1484375,11052984.85
2026-03-20,MAHAPEXLTD,MAHAPEXLTD|20180405,60.6,126.9,56.45,-0.5551615445232467,10903823.64
2008-07-11,APOLLOSIND,BIRLAMONEY|20080207,56.4,518.55,51.55,-0.9005881785748723,10280725.35
2021-09-08,BASML,BASML|20060102,64.4,98.55,66.6,-0.32420091324200917,9240553.0
2025-07-11,VERTOZ,VERTOZ|20200514,96.28,9.81,87.11,7.879714576962282,8552867.53
2022-08-12,GVKPIL,GVKPIL|20060227,6.0,1.0,5.7,4.7,7924587.4
2019-05-28,5PAISA,5PAISA|20171116,237.5,369.6,247.25,-0.3310335497835498,7692307.2
2007-11-23,BANCOINDIA,BANCOINDIA|20061222,35.0,161.45,35.4,-0.7807370703004026,7336856.7
2018-04-18,VISESHINFO,VISESHINFO|20060102,0.1,0.15,0.15,0.0,7237922.9
2025-12-18,VIVIMEDLAB,VIVIMEDLAB|20060102,28.0,1.0,26.6,25.6,6329090.8
2021-03-08,VISESHINFO,VISESHINFO|20060102,0.15,0.1,0.15,0.4999999999999998,5527142.45
2024-02-02,HDFCPVTBAN,HDFCPVTBAN|20221122,28.4,237.3,23.59,-0.9005899705014749,5497016.64
2010-09-02,KCP,KCP|20060102,31.9,315.9,32.1,-0.8983855650522317,5286336.5
2015-12-09,PILANIINVS,PILANIINVS|20111025,1590.0,1091.0,1510.5,0.3845096241979835,5087991.1
2026-04-20,KOVAI,KOVAI|20100302,5499.9,2576.65,5487.9,1.1298585372479768,4981342.7
2008-06-13,ROHITFERRO,ROHITFERRO|20060413,154.9,30.0,147.65,3.921666666666667,4881280.25
2018-05-29,VISESHINFO,VISESHINFO|20060102,0.15,0.1,0.15,0.4999999999999998,4711230.9
2020-05-04,UVSL,UVSL|20160624,0.15,0.1,0.15,0.4999999999999998,4704497.95
2026-06-02,SETCO,SETCO|20160701,15.93,28.62,15.93,-0.44339622641509435,4639453.2
2008-08-22,CAMLIN,KOKUYOCMLN|20080728,16.7,197.2,20.3,-0.8970588235294118,4556389.5
2026-04-20,NOVARTIND,NOVARTIND|20201005,991.0,672.25,995.45,0.4807735217552995,4110978.2
2008-07-17,MALCO,MALCO|20070412,148.75,685.6,144.5,-0.7892357059509918,3993009.05
2024-02-02,HDFCNIFIT,HDFCNIFIT|20221122,44.42,372.75,38.09,-0.897813547954393,3933119.26
2024-06-26,KSHITI-RE,KSHITI-RE|20240625,0.33,0.5,0.69,0.3799999999999999,3850079.38
2023-02-16,PATEL-RE,PATEL-RE|20230214,0.4,0.65,0.65,0.0,3682918.8
2019-04-30,UVSL,UVSL|20160624,0.15,0.1,0.1,0.0,3594208.55
2025-06-19,SUMEETINDS,SUMEETINDS|20101210,53.3,4.89,55.96,10.443762781186095,3563101.62
2014-11-20,VISESHINFO,VISESHINFO|20060102,0.15,0.1,0.1,0.0,3505323.0
2019-03-28,UVSL,UVSL|20160624,0.15,0.1,0.1,0.0,3501835.45
2018-12-10,UVSL,UVSL|20160624,0.15,0.1,0.15,0.4999999999999998,3420132.7
2019-01-29,UVSL,UVSL|20160624,0.15,0.1,0.15,0.4999999999999998,3367806.75
2008-10-29,TIMETECHNO,TIMETECHNO|20070613,43.8,370.9,37.95,-0.8976813157185225,3265802.85
2021-03-01,VISESHINFO,VISESHINFO|20060102,0.1,0.05,0.1,1.0,2957196.0
2020-01-03,UVSL,UVSL|20160624,0.15,0.1,0.1,0.0,2804542.6
2019-05-02,UVSL,UVSL|20160624,0.15,0.1,0.1,0.0,2752524.2
2022-11-22,NXTDIGITAL,NDLVENTURE|20070424,65.65,436.75,68.9,-0.8422438465941614,2632958.15
2019-12-20,UVSL,UVSL|20160624,0.15,0.1,0.15,0.4999999999999998,2414021.3
2014-02-13,WHEELS,WHEELS|20060102,749.55,1054.55,749.55,-0.28922289128064105,2356585.2
2020-05-06,KSERASERA,KSERASERA|20061005,0.15,0.1,0.15,0.4999999999999998,2354847.2
2026-04-06,MAHAPE-RE,MAHAPE-RE|20260402,22.0,31.57,30.61,-0.030408615774469405,2351226.31
2026-08-17,LANCER,LANCER|20220510,10.91,149.7,11.07,-0.9260521042084169,2342163.77
2019-12-31,UVSL,UVSL|20160624,0.15,0.1,0.1,0.0,2323375.7
2007-03-26,NRBBEARING,NRBBEARING|20060102,111.5,500.45,99.95,-0.8002797482265961,2298931.6
2020-04-16,KSERASERA,KSERASERA|20061005,0.1,0.15,0.15,0.0,2281863.2
2020-04-23,UVSL,UVSL|20160624,0.15,0.1,0.15,0.4999999999999998,2263828.45
2014-09-03,BIRLACOT,BIRLACOT|20080730,0.1,0.15,0.15,0.0,2159631.5
2014-08-18,BIRLACOT,BIRLACOT|20080730,0.1,0.15,0.15,0.0,2110409.1
2024-01-19,ADROITINFO,ADROITINFO|20151013,20.4,29.45,20.65,-0.2988115449915111,2103926.1
2021-04-05,VISESHINFO,VISESHINFO|20060102,0.05,0.1,0.1,0.0,2080100.35
2022-12-23,PARASPETRO,PARASPETRO|20100830,1.5,1.0,1.5,0.5,1985634.85
2018-09-12,VISESHINFO,VISESHINFO|20060102,0.15,0.1,0.1,0.0,1973861.05
2021-05-24,VISESHINFO,VISESHINFO|20060102,0.1,0.05,0.1,1.0,1942971.75
2019-12-17,UVSL,UVSL|20160624,0.1,0.15,0.15,0.0,1937665.75
2023-10-20,HDFCMOMENT,HDFCMOMENT|20221017,25.56,233.23,22.88,-0.9018994125970072,1889724.89
2019-12-04,UVSL,UVSL|20160624,0.1,0.15,0.15,0.0,1875419.35
2018-10-30,UVSL,UVSL|20160624,0.1,0.05,0.1,1.0,1870418.05
2024-12-27,ATLASCYCLE,ATLASCYCLE|20060102,63.0,5.0,66.15,12.23,1859571.0
2019-12-16,UVSL,UVSL|20160624,0.1,0.15,0.15,0.0,1731971.65
2019-12-24,UVSL,UVSL|20160624,0.1,0.15,0.15,0.0,1664667.35
2016-01-06,VISESHINFO,VISESHINFO|20060102,0.1,0.15,0.15,0.0,1599934.75
2025-01-15,CALSOFT,CALSOFT|20060102,13.63,22.87,13.88,-0.39309138609532135,1479175.42
2010-12-08,WEIZMANIND,WEIZMANIND|20060102,31.0,82.65,27.35,-0.6690865093768905,1467984.65
2014-06-04,BIRLACOT,BIRLACOT|20080730,0.15,0.1,0.15,0.4999999999999998,1467168.9
2020-04-15,KSERASERA,KSERASERA|20061005,0.15,0.1,0.15,0.4999999999999998,1458704.3
2019-12-09,UVSL,UVSL|20160624,0.15,0.1,0.15,0.4999999999999998,1428578.3
2019-12-19,UVSL,UVSL|20160624,0.15,0.1,0.1,0.0,1392495.3
2024-10-28,MASKINVEST,MASKINVEST|20161014,215.9,144.03,211.58,0.46899951399014106,1387018.52
2025-05-19,BASML-RE1,BASML-RE1|20250513,2.4,4.01,3.85,-0.03990024937655856,1372570.68
2008-06-13,IMPEXFERRO,IMPEXFERRO|20060102,31.0,10.0,31.3,2.13,1343940.4
2018-11-16,VISESHINFO,VISESHINFO|20060102,0.15,0.1,0.1,0.0,1341509.85
2019-12-13,UVSL,UVSL|20160624,0.1,0.15,0.15,0.0,1260419.25
2023-09-26,WINSOME,WINSOME|20110825,9.0,1.0,8.55,7.550000000000001,1191651.2
2020-01-01,UVSL,UVSL|20160624,0.15,0.1,0.1,0.0,1173488.8
2015-11-30,BIRLACOT,BIRLACOT|20080730,0.1,0.05,0.05,0.0,1170705.25
2019-05-27,VISESHINFO,VISESHINFO|20060102,0.05,0.1,0.1,0.0,1169953.6
2023-06-02,GODHA-RE,GODHA-RE|20230525,0.1,0.05,0.1,1.0,1153023.35
2019-08-29,UVSL,UVSL|20160624,0.1,0.05,0.05,0.0,1121166.35
2018-11-07,VISESHINFO,VISESHINFO|20060102,0.1,0.05,0.1,1.0,1118148.9
2018-07-19,UVSL,UVSL|20160624,0.05,0.1,0.1,0.0,1100724.4
2021-05-17,VISESHINFO,VISESHINFO|20060102,0.1,0.05,0.05,0.0,1067988.35
2022-05-17,ESSEN-RE,ESSEN-RE|20220516,0.15,0.1,0.15,0.4999999999999998,1050430.8
2008-06-13,HORIZONINF,SKIL|20080125,1949.0,327.65,1857.0,4.667633145124371,1028290.2
2019-07-23,UVSL,UVSL|20160624,0.1,0.05,0.1,1.0,1012806.15
2018-07-23,UVSL,UVSL|20160624,0.05,0.1,0.1,0.0,995168.3
2008-06-13,GOLDINFRA,OLECTRA|20060102,58.5,36.15,60.6,0.6763485477178424,991411.4
2018-12-06,VISESHINFO,VISESHINFO|20060102,0.05,0.1,0.1,0.0,979495.3
2024-05-23,AJOONI-RE1,AJOONI-RE1|20240521,0.35,0.55,0.45,-0.18181818181818188,973099.0
2023-05-31,GODHA-RE,GODHA-RE|20230525,0.05,0.1,0.1,0.0,950439.9
2019-04-26,UVSL,UVSL|20160624,0.1,0.05,0.1,1.0,931463.5
2019-05-10,UVSL,UVSL|20160624,0.1,0.05,0.1,1.0,923719.45
2019-02-05,UVSL,UVSL|20160624,0.1,0.15,0.15,0.0,922979.5
2019-08-21,UVSL,UVSL|20160624,0.1,0.05,0.05,0.0,920866.25
2023-08-04,SRPL-RE,SRPL-RE|20230717,0.15,0.1,0.1,0.0,898381.1
2019-04-03,VISESHINFO,VISESHINFO|20060102,0.1,0.05,0.1,1.0,897473.4
2017-09-22,KSERASERA,KSERASERA|20061005,0.1,0.15,0.15,0.0,892695.45
2024-03-15,BALKRISHNA,BALKRISHNA|20150728,25.7,39.1,28.4,-0.2736572890025576,883500.15
2018-09-21,VISESHINFO,VISESHINFO|20060102,0.1,0.05,0.1,1.0,878658.4
2019-07-25,UVSL,UVSL|20160624,0.1,0.05,0.05,0.0,856371.1
2020-01-02,UVSL,UVSL|20160624,0.15,0.1,0.1,0.0,855773.8
2019-02-11,VISESHINFO,VISESHINFO|20060102,0.1,0.05,0.1,1.0,851348.05
2018-05-25,VISESHINFO,VISESHINFO|20060102,0.15,0.1,0.1,0.0,838234.15
2015-12-07,BIRLACOT,BIRLACOT|20080730,0.1,0.05,0.05,0.0,838001.55
2024-03-22,NTL,NTL|20130911,3.2,1.0,3.5,2.5,822885.1
2020-02-24,UVSL,UVSL|20160624,0.1,0.05,0.1,1.0,804284.4
2015-01-13,SOUISPAT,SOUISPAT|20101001,0.1,0.15,0.15,0.0,803883.9
2019-08-01,UVSL,UVSL|20160624,0.05,0.1,0.1,0.0,803003.3
2020-01-16,UVSL,UVSL|20160624,0.1,0.15,0.15,0.0,802068.1
2019-08-08,UVSL,UVSL|20160624,0.1,0.05,0.05,0.0,797990.45
2024-09-10,SHEKHAWATI,SHEKHAWATI|20110112,86.43,2.1,86.43,40.15714285714286,791180.22
2019-08-02,UVSL,UVSL|20160624,0.05,0.1,0.1,0.0,782105.65
2016-01-01,BIRLACOT,BIRLACOT|20080730,0.1,0.05,0.05,0.0,778566.65
2018-08-13,UVSL,UVSL|20160624,0.1,0.05,0.1,1.0,776588.3
2018-12-14,VISESHINFO,VISESHINFO|20060102,0.1,0.05,0.1,1.0,775484.2
2016-07-04,VISESHINFO,VISESHINFO|20060102,0.05,0.1,0.15,0.4999999999999998,764119.2
2020-03-27,KSERASERA,KSERASERA|20061005,0.1,0.05,0.1,1.0,761524.6
2019-03-20,VISESHINFO,VISESHINFO|20060102,0.05,0.1,0.1,0.0,751317.05
2018-10-26,VISESHINFO,VISESHINFO|20060102,0.05,0.1,0.1,0.0,737460.55
2018-07-26,UVSL,UVSL|20160624,0.05,0.1,0.1,0.0,736042.15
2019-09-11,UVSL,UVSL|20160624,0.1,0.05,0.05,0.0,734854.4
2018-12-21,UVSL,UVSL|20160624,0.1,0.15,0.15,0.0,717789.95
2016-11-15,BIRLACOT,BIRLACOT|20080730,0.1,0.05,0.1,1.0,712930.7
2015-12-01,BIRLACOT,BIRLACOT|20080730,0.1,0.05,0.05,0.0,699972.65
2015-07-16,VISESHINFO,VISESHINFO|20060102,0.15,0.1,0.1,0.0,698362.1
2015-12-31,BIRLACOT,BIRLACOT|20080730,0.1,0.05,0.05,0.0,688137.8
2019-07-26,UVSL,UVSL|20160624,0.1,0.05,0.1,1.0,685770.3
2020-04-13,KSERASERA,KSERASERA|20061005,0.1,0.05,0.1,1.0,684187.9
2021-04-26,VISESHINFO,VISESHINFO|20060102,0.1,0.05,0.1,1.0,677624.6
2023-07-28,SRPL-RE,SRPL-RE|20230717,0.15,0.1,0.1,0.0,674780.85
2020-04-24,KSERASERA,KSERASERA|20061005,0.15,0.1,0.15,0.4999999999999998,672472.55
2024-01-30,NAGREEKEXP,NAGREEKEXP|20070618,43.15,80.05,43.15,-0.4609618988132417,669385.95
2021-05-24,KSERASERA,KSERASERA|20061005,0.15,0.1,0.15,0.4999999999999998,667463.15
2019-05-21,UVSL,UVSL|20160624,0.1,0.05,0.1,1.0,665763.8
2026-04-20,ARIHANT,ARIHANT|20061226,970.0,39.65,907.55,21.8890290037831,664157.85
2020-05-04,KSERASERA,KSERASERA|20061005,0.1,0.15,0.15,0.0,659689.45
2018-06-27,VISESHINFO,VISESHINFO|20060102,0.1,0.05,0.1,1.0,658846.1
2015-06-24,VISESHINFO,VISESHINFO|20060102,0.15,0.1,0.1,0.0,652305.6
2018-07-10,VISESHINFO,VISESHINFO|20060102,0.1,0.05,0.1,1.0,643421.35
2023-07-26,SRPL-RE,SRPL-RE|20230717,0.15,0.1,0.1,0.0,638930.15
2008-06-27,CAMBRIDGE,XCHANGING|20060102,57.0,10.0,56.7,4.67,631753.1
2018-11-05,KSERASERA,KSERASERA|20061005,0.15,0.1,0.15,0.4999999999999998,625830.3
2020-04-17,UVSL,UVSL|20160624,0.05,0.1,0.1,0.0,618844.0
2018-07-20,VISESHINFO,VISESHINFO|20060102,0.1,0.05,0.1,1.0,602885.4
2017-09-20,KSERASERA,KSERASERA|20061005,0.15,0.1,0.15,0.4999999999999998,600831.75
2017-06-06,KSERASERA,KSERASERA|20061005,0.1,0.15,0.15,0.0,584102.0
2018-10-16,VISESHINFO,VISESHINFO|20060102,0.05,0.1,0.1,0.0,582230.6
2026-02-18,SADHNANIQ,SADHNANIQ|20230505,1.66,5.61,1.66,-0.7040998217468806,579354.94
2023-07-31,SRPL-RE,SRPL-RE|20230717,0.15,0.1,0.15,0.4999999999999998,577614.0
2020-12-23,MAJESCO,AURUM|20150819,12.2,985.65,12.2,-0.9876223811697864,576376.8
2019-12-12,UVSL,UVSL|20160624,0.1,0.15,0.15,0.0,572782.4
2020-05-11,RAJRAYON,RAJRAYON|20070104,0.05,0.1,0.1,0.0,560269.5
2017-05-31,KSERASERA,KSERASERA|20061005,0.15,0.1,0.15,0.4999999999999998,559680.6
2020-01-27,VISESHINFO,VISESHINFO|20060102,0.05,0.1,0.1,0.0,556187.45
2020-04-08,UVSL,UVSL|20160624,0.1,0.05,0.1,1.0,553848.55
2018-03-28,VISESHINFO,VISESHINFO|20060102,0.1,0.15,0.15,0.0,553840.6
2018-09-19,VISESHINFO,VISESHINFO|20060102,0.15,0.1,0.05,-0.5,550843.4
2017-01-16,VISESHINFO,VISESHINFO|20060102,0.1,0.15,0.15,0.0,548876.3
2023-08-10,VCL-RE,VCL-RE|20230807,0.15,0.1,0.05,-0.5,547598.05
2019-07-15,UVSL,UVSL|20160624,0.1,0.05,0.1,1.0,539634.3
2022-05-30,DYNPRO-RE,DYNPRO-RE|20220525,19.0,30.85,28.35,-0.08103727714748787,537693.15
2020-03-23,UVSL,UVSL|20160624,0.1,0.05,0.05,0.0,535005.6
2020-04-21,KSERASERA,KSERASERA|20061005,0.15,0.1,0.15,0.4999999999999998,530870.85
2017-06-19,KSERASERA,KSERASERA|20061005,0.1,0.15,0.15,0.0,530427.45
2018-06-14,VISESHINFO,VISESHINFO|20060102,0.15,0.1,0.15,0.4999999999999998,525744.35
2017-10-30,KSERASERA,KSERASERA|20061005,0.15,0.1,0.15,0.4999999999999998,513736.95
2020-02-13,UVSL,UVSL|20160624,0.1,0.05,0.05,0.0,506897.65
2018-07-25,UVSL,UVSL|20160624,0.05,0.1,0.1,0.0,502675.35
2018-11-30,VISESHINFO,VISESHINFO|20060102,0.1,0.05,0.1,1.0,501921.05
2018-11-29,UVSL,UVSL|20160624,0.15,0.1,0.15,0.4999999999999998,500161.35
2019-09-19,MVL,MVL|20080630,0.05,0.1,0.1,0.0,498531.1
2018-11-22,UVSL,UVSL|20160624,0.15,0.1,0.15,0.4999999999999998,497571.7
2019-03-25,UVSL,UVSL|20160624,0.1,0.15,0.15,0.0,495925.75
2021-04-05,KSERASERA,KSERASERA|20061005,0.1,0.15,0.15,0.0,492692.25
2020-04-16,UVSL,UVSL|20160624,0.1,0.05,0.1,1.0,490391.1
2018-05-30,VISESHINFO,VISESHINFO|20060102,0.1,0.15,0.15,0.0,488965.35
2016-08-10,VISESHINFO,VISESHINFO|20060102,0.15,0.1,0.1,0.0,488526.5
2019-08-27,VISESHINFO,VISESHINFO|20060102,0.05,0.1,0.1,0.0,488472.35
2020-02-27,UVSL,UVSL|20160624,0.1,0.05,0.1,1.0,485654.4
2020-02-04,UVSL,UVSL|20160624,0.1,0.05,0.1,1.0,467914.55
2025-12-03,INDO-RE2,INDO-RE2|20251201,0.55,0.92,0.87,-0.05434782608695654,464574.59
2017-09-28,KSERASERA,KSERASERA|20061005,0.15,0.1,0.1,0.0,461362.7
2019-07-02,VISESHINFO,VISESHINFO|20060102,0.1,0.05,0.1,1.0,456496.85
2014-05-09,BIRLACOT,BIRLACOT|20080730,0.15,0.1,0.1,0.0,453325.2
2019-07-03,VISESHINFO,VISESHINFO|20060102,0.05,0.1,0.1,0.0,448937.35
2018-12-20,VISESHINFO,VISESHINFO|20060102,0.1,0.05,0.1,1.0,444632.75
2022-06-01,ESSEN-RE,ESSEN-RE|20220516,0.1,0.15,0.15,0.0,444144.15
2017-10-17,KSERASERA,KSERASERA|20061005,0.15,0.1,0.1,0.0,442777.55
2016-11-25,BIRLACOT,BIRLACOT|20080730,0.05,0.1,0.1,0.0,434258.15
2020-04-29,KSERASERA,KSERASERA|20061005,0.15,0.1,0.15,0.4999999999999998,433973.8
2016-01-11,BIRLACOT,BIRLACOT|20080730,0.1,0.05,0.05,0.0,433625.3
2018-12-03,UVSL,UVSL|20160624,0.15,0.1,0.1,0.0,430873.4
2019-04-18,KSERASERA,KSERASERA|20061005,0.15,0.1,0.15,0.4999999999999998,430307.0
2015-01-07,SOUISPAT,SOUISPAT|20101001,0.1,0.15,0.15,0.0,430124.15
2019-11-13,VISESHINFO,VISESHINFO|20060102,0.1,0.05,0.05,0.0,428850.3
2023-08-11,VCL-RE,VCL-RE|20230807,0.1,0.05,0.1,1.0,423239.55
2015-06-15,VISESHINFO,VISESHINFO|20060102,0.15,0.1,0.1,0.0,417538.85
2015-07-31,VKSPL,VKSPL|20120718,0.05,0.1,0.15,0.4999999999999998,416619.0
2019-11-29,UVSL,UVSL|20160624,0.05,0.1,0.1,0.0,415844.85
2018-12-04,UVSL,UVSL|20160624,0.15,0.1,0.15,0.4999999999999998,415642.9
2016-01-08,VISESHINFO,VISESHINFO|20060102,0.1,0.15,0.15,0.0,413583.55
2019-01-10,UVSL,UVSL|20160624,0.15,0.1,0.1,0.0,409151.7
2019-10-10,UVSL,UVSL|20160624,0.1,0.05,0.1,1.0,406936.75
2018-09-19,UVSL,UVSL|20160624,0.05,0.1,0.1,0.0,406809.15
2017-08-21,KSERASERA,KSERASERA|20061005,0.15,0.1,0.15,0.4999999999999998,406743.75
2015-11-18,BIRLACOT,BIRLACOT|20080730,0.1,0.05,0.05,0.0,406170.45
2019-02-07,KSERASERA,KSERASERA|20061005,0.1,0.15,0.15,0.0,403817.05
2014-05-13,BIRLACOT,BIRLACOT|20080730,0.15,0.1,0.1,0.0,401268.45
2018-11-27,UVSL,UVSL|20160624,0.1,0.15,0.15,0.0,398246.65
2019-05-28,UVSL,UVSL|20160624,0.05,0.1,0.1,0.0,396030.6
2019-11-22,UVSL,UVSL|20160624,0.05,0.1,0.1,0.0,393119.8
2018-10-01,UVSL,UVSL|20160624,0.1,0.05,0.1,1.0,391924.4
2017-06-21,VISESHINFO,VISESHINFO|20060102,0.1,0.15,0.15,0.0,391521.05
2019-11-18,UVSL,UVSL|20160624,0.05,0.1,0.1,0.0,388219.75
2015-02-19,VISESHINFO,VISESHINFO|20060102,0.15,0.1,0.15,0.4999999999999998,387990.65
2017-09-27,KSERASERA,KSERASERA|20061005,0.15,0.1,0.1,0.0,387636.1
2017-09-15,KSERASERA,KSERASERA|20061005,0.15,0.1,0.1,0.0,385526.45
2015-09-09,FARMAXIND,FARMAXIND|20100817,0.15,0.1,0.15,0.4999999999999998,384819.95
2015-08-11,BIRLACOT,BIRLACOT|20080730,0.1,0.05,0.1,1.0,382811.25
2020-04-03,UVSL,UVSL|20160624,0.1,0.05,0.1,1.0,381432.55
2017-05-24,VISESHINFO,VISESHINFO|20060102,0.15,0.1,0.15,0.4999999999999998,372097.7
2018-11-13,RAJRAYON,RAJRAYON|20070104,0.1,0.15,0.2,0.3333333333333335,371305.5
2016-07-15,VISESHINFO,VISESHINFO|20060102,0.15,0.1,0.15,0.4999999999999998,369335.15
2019-07-23,KSERASERA,KSERASERA|20061005,0.15,0.1,0.15,0.4999999999999998,367126.7
2017-01-19,BIRLACOT,BIRLACOT|20080730,0.05,0.1,0.1,0.0,366541.6
2016-12-12,BIRLACOT,BIRLACOT|20080730,0.05,0.1,0.1,0.0,364040.0
2016-07-20,VISESHINFO,VISESHINFO|20060102,0.15,0.1,0.15,0.4999999999999998,363269.7
2019-05-02,VISESHINFO,VISESHINFO|20060102,0.05,0.1,0.1,0.0,361346.6
2019-03-18,KSERASERA,KSERASERA|20061005,0.15,0.1,0.15,0.4999999999999998,357838.1
2019-12-02,VISESHINFO,VISESHINFO|20060102,0.1,0.05,0.05,0.0,351555.75
2018-12-28,VISESHINFO,VISESHINFO|20060102,0.1,0.05,0.1,1.0,348170.55
2019-01-23,UVSL,UVSL|20160624,0.15,0.1,0.1,0.0,348165.35
2018-11-27,VISESHINFO,VISESHINFO|20060102,0.1,0.05,0.05,0.0,346957.85
2019-05-03,KSERASERA,KSERASERA|20061005,0.15,0.1,0.1,0.0,346864.4
2015-09-04,FARMAXIND,FARMAXIND|20100817,0.15,0.1,0.1,0.0,345823.9
2020-03-20,UVSL,UVSL|20160624,0.1,0.05,0.05,0.0,344574.3
2019-11-29,KSERASERA,KSERASERA|20061005,0.15,0.1,0.1,0.0,337339.05
2015-07-21,VISESHINFO,VISESHINFO|20060102,0.05,0.1,0.1,0.0,336366.65
2023-08-07,SRPL-RE,SRPL-RE|20230717,0.15,0.1,0.1,0.0,334310.8
2020-02-11,UVSL,UVSL|20160624,0.1,0.05,0.05,0.0,333305.85
2019-03-18,UVSL,UVSL|20160624,0.1,0.15,0.15,0.0,333215.3
2024-03-01,SILGO-RE,SILGO-RE|20240229,0.85,1.35,1.2,-0.11111111111111116,331859.55
2006-06-23,UNITECH,UNITECH|20060102,169.4,10485.0,169.4,-0.9838435860753457,331177.0
2016-03-16,VISESHINFO,VISESHINFO|20060102,0.05,0.1,0.1,0.0,330915.3
2019-03-05,VISESHINFO,VISESHINFO|20060102,0.05,0.1,0.1,0.0,329458.65
2016-01-12,VISESHINFO,VISESHINFO|20060102,0.15,0.1,0.15,0.4999999999999998,329029.0
2017-08-16,KSERASERA,KSERASERA|20061005,0.15,0.1,0.1,0.0,327896.9
2018-04-23,VISESHINFO,VISESHINFO|20060102,0.15,0.1,0.1,0.0,326625.3
2021-04-26,KSERASERA,KSERASERA|20061005,0.1,0.15,0.15,0.0,325347.7
2020-02-12,UVSL,UVSL|20160624,0.1,0.05,0.05,0.0,323773.8
2020-04-22,KSERASERA,KSERASERA|20061005,0.1,0.15,0.15,0.0,322899.0
2020-03-11,KSERASERA,KSERASERA|20061005,0.1,0.05,0.05,0.0,322307.1
2018-12-10,VISESHINFO,VISESHINFO|20060102,0.1,0.05,0.05,0.0,321991.6
2015-11-20,VISESHINFO,VISESHINFO|20060102,0.05,0.1,0.1,0.0,318792.05
2019-01-14,KSERASERA,KSERASERA|20061005,0.15,0.1,0.15,0.4999999999999998,318434.5
2015-08-21,BIRLACOT,BIRLACOT|20080730,0.1,0.05,0.05,0.0,314467.0
2018-12-27,UVSL,UVSL|20160624,0.15,0.1,0.15,0.4999999999999998,314433.9
2018-09-26,VISESHINFO,VISESHINFO|20060102,0.1,0.05,0.1,1.0,311067.85
2018-12-20,UVSL,UVSL|20160624,0.15,0.1,0.15,0.4999999999999998,310186.9
2017-07-31,VISESHINFO,VISESHINFO|20060102,0.1,0.15,0.15,0.0,309404.95
2019-01-03,UVSL,UVSL|20160624,0.15,0.1,0.1,0.0,306447.6
2020-03-03,UVSL,UVSL|20160624,0.1,0.05,0.1,1.0,305152.35
2017-09-29,KSERASERA,KSERASERA|20061005,0.15,0.1,0.1,0.0,305064.7
2016-12-01,BIRLACOT,BIRLACOT|20080730,0.1,0.05,0.1,1.0,304755.05
2018-04-27,VISESHINFO,VISESHINFO|20060102,0.15,0.1,0.15,0.4999999999999998,301647.1
2020-03-31,UVSL,UVSL|20160624,0.1,0.05,0.1,1.0,300702.15
2023-07-24,SRPL-RE,SRPL-RE|20230717,0.1,0.05,0.1,1.0,299848.5
2018-05-31,VISESHINFO,VISESHINFO|20060102,0.1,0.15,0.15,0.0,298903.0
2018-05-10,VISESHINFO,VISESHINFO|20060102,0.15,0.1,0.1,0.0,298270.7
2018-12-19,VISESHINFO,VISESHINFO|20060102,0.1,0.05,0.05,0.0,297963.5
2013-12-09,BIRLACOT,BIRLACOT|20080730,0.15,0.1,0.15,0.4999999999999998,295359.7
2018-12-05,VISESHINFO,VISESHINFO|20060102,0.1,0.05,0.1,1.0,293755.2
2019-07-03,KSERASERA,KSERASERA|20061005,0.15,0.1,0.1,0.0,290309.05
2013-02-25,BIRLACOT,BIRLACOT|20080730,0.15,0.1,0.15,0.4999999999999998,289009.3
2023-10-20,HDFCLOWVOL,HDFCLOWVOL|20221017,17.55,152.8,15.15,-0.9008507853403142,288472.34
2019-11-07,VISESHINFO,VISESHINFO|20060102,0.1,0.05,0.05,0.0,286531.0
2018-12-24,VISESHINFO,VISESHINFO|20060102,0.1,0.05,0.05,0.0,286365.8
2019-07-02,KSERASERA,KSERASERA|20061005,0.15,0.1,0.1,0.0,284218.9
2014-09-15,BIRLAPOWER,BIRLAPOWER|20070606,0.05,0.1,0.1,0.0,283631.35
2014-05-14,BIRLACOT,BIRLACOT|20080730,0.05,0.1,0.1,0.0,283127.25
2019-11-28,VISESHINFO,VISESHINFO|20060102,0.1,0.05,0.1,1.0,281566.75
2019-12-26,VISESHINFO,VISESHINFO|20060102,0.1,0.05,0.05,0.0,280338.3
2018-11-21,VISESHINFO,VISESHINFO|20060102,0.05,0.1,0.1,0.0,279791.55
2019-12-04,VISESHINFO,VISESHINFO|20060102,0.1,0.05,0.05,0.0,278920.6
2017-09-19,KSERASERA,KSERASERA|20061005,0.15,0.1,0.1,0.0,278273.8
2014-04-02,BIRLACOT,BIRLACOT|20080730,0.15,0.1,0.1,0.0,277333.25
2017-07-20,KSERASERA,KSERASERA|20061005,0.15,0.1,0.15,0.4999999999999998,276947.8
2017-10-25,KSERASERA,KSERASERA|20061005,0.1,0.15,0.15,0.0,276460.8
2019-02-20,UVSL,UVSL|20160624,0.15,0.1,0.15,0.4999999999999998,275720.9
2019-11-19,MVL,MVL|20080630,0.05,0.1,0.1,0.0,270890.5
2018-12-11,VISESHINFO,VISESHINFO|20060102,0.1,0.05,0.05,0.0,270110.25
2016-05-20,BIRLACOT,BIRLACOT|20080730,0.1,0.05,0.1,1.0,269413.2
2019-09-25,UVSL,UVSL|20160624,0.05,0.1,0.1,0.0,269233.55
2016-09-02,BIRLACOT,BIRLACOT|20080730,0.1,0.05,0.1,1.0,266398.0
2017-10-03,REIAGROLTD,REIAGROLTD|20081125,0.15,1.0,0.15,-0.85,265650.35
2019-09-27,UVSL,UVSL|20160624,0.05,0.1,0.1,0.0,265307.95
2021-03-31,LCCINFOTEC,LCCINFOTEC|20060102,5.7,2.0,5.45,1.725,264092.05
2018-07-27,VISESHINFO,VISESHINFO|20060102,0.05,0.1,0.1,0.0,260541.65
2021-03-30,KSERASERA,KSERASERA|20061005,0.1,0.15,0.15,0.0,259945.85
2019-07-29,VISESHINFO,VISESHINFO|20060102,0.1,0.05,0.1,1.0,255670.9
2015-11-24,BIRLACOT,BIRLACOT|20080730,0.1,0.05,0.1,1.0,255208.8
2019-07-25,KSERASERA,KSERASERA|20061005,0.15,0.1,0.15,0.4999999999999998,254976.35
2020-04-30,KSERASERA,KSERASERA|20061005,0.1,0.15,0.15,0.0,253956.3
2015-08-12,VKSPL,VKSPL|20120718,0.1,0.15,0.15,0.0,253871.15
2019-03-06,UVSL,UVSL|20160624,0.15,0.1,0.15,0.4999999999999998,252805.2
2015-08-05,BIRLACOT,BIRLACOT|20080730,0.05,0.1,0.1,0.0,252417.1
2019-05-24,UVSL,UVSL|20160624,0.05,0.1,0.1,0.0,252267.85
2019-02-08,UVSL,UVSL|20160624,0.15,0.1,0.1,0.0,251808.25
2018-10-19,RAJRAYON,RAJRAYON|20070104,0.1,0.15,0.15,0.0,251507.35
2018-10-04,VISESHINFO,VISESHINFO|20060102,0.1,0.05,0.05,0.0,251324.8
2020-04-28,KSERASERA,KSERASERA|20061005,0.15,0.1,0.1,0.0,251203.35
2019-11-13,UVSL,UVSL|20160624,0.1,0.05,0.1,1.0,251180.6
2015-08-28,FARMAXIND,FARMAXIND|20100817,0.1,0.15,0.15,0.0,250017.25
2017-07-11,KSERASERA,KSERASERA|20061005,0.15,0.1,0.15,0.4999999999999998,249916.25
2019-11-01,UVSL,UVSL|20160624,0.05,0.1,0.1,0.0,248590.85
2018-10-10,VISESHINFO,VISESHINFO|20060102,0.05,0.1,0.1,0.0,247154.25
2017-06-23,KSERASERA,KSERASERA|20061005,0.15,0.1,0.15,0.4999999999999998,245936.9
2016-07-01,BIRLACOT,BIRLACOT|20080730,0.1,0.05,0.1,1.0,244862.65
2018-11-09,KSERASERA,KSERASERA|20061005,0.1,0.15,0.15,0.0,242616.8
2019-03-15,VISESHINFO,VISESHINFO|20060102,0.05,0.1,0.1,0.0,241967.05
2014-05-12,BIRLACOT,BIRLACOT|20080730,0.15,0.1,0.1,0.0,240938.45
2017-10-23,KSERASERA,KSERASERA|20061005,0.15,0.1,0.15,0.4999999999999998,240468.45
2019-05-14,UVSL,UVSL|20160624,0.1,0.05,0.1,1.0,239799.25
2014-04-21,BIRLACOT,BIRLACOT|20080730,0.15,0.1,0.1,0.0,239495.35
2019-11-25,KSERASERA,KSERASERA|20061005,0.1,0.05,0.1,1.0,239106.05
2018-04-24,VISESHINFO,VISESHINFO|20060102,0.15,0.1,0.15,0.4999999999999998,239028.75
2018-12-05,UVSL,UVSL|20160624,0.1,0.15,0.15,0.0,237789.9
2025-10-10,CAPTRUST,CAPTRUST|20170116,30.91,44.87,30.91,-0.3111210162692222,237357.89
2017-08-03,RASOYPR,RASOYPR|20111212,0.15,0.1,0.15,0.4999999999999998,237070.9
2026-04-20,SICAGEN,SICAGEN|20080821,55.5,24.35,54.55,1.2402464065708418,236506.15
2018-05-14,VISESHINFO,VISESHINFO|20060102,0.1,0.15,0.15,0.0,236298.5
2018-05-03,VISESHINFO,VISESHINFO|20060102,0.15,0.1,0.1,0.0,236246.75
2019-05-02,KSERASERA,KSERASERA|20061005,0.15,0.1,0.1,0.0,233231.7
2020-02-01,UVSL,UVSL|20160624,0.05,0.1,0.1,0.0,232212.8
2017-06-19,VISESHINFO,VISESHINFO|20060102,0.1,0.15,0.15,0.0,232075.6
2018-12-26,VISESHINFO,VISESHINFO|20060102,0.1,0.05,0.1,1.0,231411.45
2017-10-12,KSERASERA,KSERASERA|20061005,0.15,0.1,0.15,0.4999999999999998,230461.6
2017-07-06,VISESHINFO,VISESHINFO|20060102,0.15,0.1,0.15,0.4999999999999998,229789.3
2015-06-22,VISESHINFO,VISESHINFO|20060102,0.15,0.1,0.1,0.0,229782.1
2017-09-26,KSERASERA,KSERASERA|20061005,0.15,0.1,0.1,0.0,229122.5
2016-03-28,VISESHINFO,VISESHINFO|20060102,0.1,0.05,0.1,1.0,228739.65
2019-07-11,UVSL,UVSL|20160624,0.1,0.05,0.1,1.0,228308.5
2016-11-18,BIRLACOT,BIRLACOT|20080730,0.1,0.05,0.1,1.0,226941.9
2019-11-28,KSERASERA,KSERASERA|20061005,0.1,0.05,0.1,1.0,225311.55
2020-01-17,VISESHINFO,VISESHINFO|20060102,0.1,0.05,0.1,1.0,224988.85
2013-10-17,FOURSOFT,PALRED|20060102,13.8,42.15,13.8,-0.6725978647686832,224760.6
2018-09-28,VISESHINFO,VISESHINFO|20060102,0.05,0.1,0.1,0.0,224551.4
2015-11-04,BIRLACOT,BIRLACOT|20080730,0.1,0.05,0.05,0.0,224032.75
2015-05-08,BIRLACOT,BIRLACOT|20080730,0.15,0.1,0.1,0.0,223903.4
2016-03-17,VISESHINFO,VISESHINFO|20060102,0.05,0.1,0.1,0.0,223371.5
2015-06-04,BIRLACOT,BIRLACOT|20080730,0.15,0.1,0.15,0.4999999999999998,223035.3
2019-01-04,VISESHINFO,VISESHINFO|20060102,0.05,0.1,0.1,0.0,222476.05
2020-02-13,VISESHINFO,VISESHINFO|20060102,0.1,0.05,0.1,1.0,220968.65
2017-08-17,KSERASERA,KSERASERA|20061005,0.15,0.1,0.1,0.0,220962.0
2014-05-26,BIRLACOT,BIRLACOT|20080730,0.1,0.15,0.15,0.0,220155.95
2013-01-29,BIRLACOT,BIRLACOT|20080730,0.1,0.15,0.15,0.0,219627.8
2018-08-31,VISESHINFO,VISESHINFO|20060102,0.05,0.1,0.1,0.0,219502.25
2018-05-18,VISESHINFO,VISESHINFO|20060102,0.15,0.1,0.1,0.0,218190.8
2016-07-22,VISESHINFO,VISESHINFO|20060102,0.15,0.1,0.15,0.4999999999999998,215926.5
2015-06-03,BIRLACOT,BIRLACOT|20080730,0.15,0.1,0.1,0.0,215106.45
2020-02-14,UVSL,UVSL|20160624,0.1,0.05,0.1,1.0,213943.55
2020-02-20,VISESHINFO,VISESHINFO|20060102,0.05,0.1,0.1,0.0,211771.85
2020-03-18,UVSL,UVSL|20160624,0.1,0.05,0.1,1.0,211696.6
2020-02-06,VISESHINFO,VISESHINFO|20060102,0.1,0.05,0.05,0.0,211391.2
2015-09-10,FARMAXIND,FARMAXIND|20100817,0.1,0.15,0.15,0.0,210342.2
2016-08-05,VISESHINFO,VISESHINFO|20060102,0.15,0.1,0.1,0.0,209801.4
2014-05-21,BIRLACOT,BIRLACOT|20080730,0.15,0.1,0.1,0.0,208299.05
2026-04-06,AHLWEST,AHLWEST|20100805,137.0,10.0,143.85,13.385,207404.3
2015-09-01,FARMAXIND,FARMAXIND|20100817,0.1,0.15,0.15,0.0,207380.8
2019-10-31,UVSL,UVSL|20160624,0.05,0.1,0.1,0.0,207052.1
2018-07-18,VISESHINFO,VISESHINFO|20060102,0.1,0.05,0.1,1.0,206849.15
2018-12-13,VISESHINFO,VISESHINFO|20060102,0.1,0.05,0.05,0.0,206834.05
2019-04-24,KSERASERA,KSERASERA|20061005,0.15,0.1,0.15,0.4999999999999998,206701.85
2015-03-31,VISESHINFO,VISESHINFO|20060102,0.1,0.05,0.1,1.0,205676.95
2019-05-20,KSERASERA,KSERASERA|20061005,0.15,0.1,0.15,0.4999999999999998,205629.45
2015-08-26,BIRLACOT,BIRLACOT|20080730,0.1,0.05,0.05,0.0,204975.25
2017-08-01,VISESHINFO,VISESHINFO|20060102,0.1,0.15,0.15,0.0,203378.7
2019-11-14,VISESHINFO,VISESHINFO|20060102,0.1,0.05,0.05,0.0,202859.9
2017-06-16,VISESHINFO,VISESHINFO|20060102,0.1,0.15,0.15,0.0,202634.0
2014-12-15,VISESHINFO,VISESHINFO|20060102,0.1,0.15,0.15,0.0,202354.9
2018-01-12,VISESHINFO,VISESHINFO|20060102,0.15,0.1,0.15,0.4999999999999998,202239.45
2018-12-31,VISESHINFO,VISESHINFO|20060102,0.05,0.1,0.1,0.0,201319.4
2019-04-08,VISESHINFO,VISESHINFO|20060102,0.05,0.1,0.1,0.0,200580.65
2025-07-14,CAPTRU-RE,CAPTRU-RE|20250625,0.32,0.12,0.35,1.9166666666666665,199960.95
2014-04-17,BIRLACOT,BIRLACOT|20080730,0.15,0.1,0.1,0.0,199911.55
2018-09-05,VISESHINFO,VISESHINFO|20060102,0.1,0.05,0.1,1.0,199323.9
2018-10-25,VISESHINFO,VISESHINFO|20060102,0.05,0.1,0.1,0.0,199123.7
2019-11-08,UVSL,UVSL|20160624,0.05,0.1,0.1,0.0,199042.0
2015-01-23,VISESHINFO,VISESHINFO|20060102,0.15,0.1,0.1,0.0,198971.8
2020-01-10,KSERASERA,KSERASERA|20061005,0.15,0.1,0.1,0.0,198947.35
2016-07-27,VISESHINFO,VISESHINFO|20060102,0.1,0.15,0.15,0.0,197854.45
2019-01-21,UVSL,UVSL|20160624,0.15,0.1,0.1,0.0,197521.2
2015-03-30,VISESHINFO,VISESHINFO|20060102,0.15,0.1,0.05,-0.5,197318.6
2018-10-05,VISESHINFO,VISESHINFO|20060102,0.1,0.05,0.1,1.0,197190.6
2019-01-09,VISESHINFO,VISESHINFO|20060102,0.1,0.05,0.1,1.0,196994.95
2019-06-27,VISESHINFO,VISESHINFO|20060102,0.1,0.05,0.05,0.0,196811.95
2019-09-26,VISESHINFO,VISESHINFO|20060102,0.05,0.1,0.1,0.0,196737.0
2015-01-05,BIRLACOT,BIRLACOT|20080730,0.1,0.15,0.15,0.0,195706.6
2019-01-11,UVSL,UVSL|20160624,0.15,0.1,0.15,0.4999999999999998,194143.3
2016-07-25,BIRLACOT,BIRLACOT|20080730,0.1,0.05,0.1,1.0,193926.0
2016-07-07,VISESHINFO,VISESHINFO|20060102,0.15,0.1,0.15,0.4999999999999998,193814.55
2019-11-04,UVSL,UVSL|20160624,0.05,0.1,0.1,0.0,192872.7
2018-10-19,VISESHINFO,VISESHINFO|20060102,0.1,0.05,0.1,1.0,192615.2
2019-03-13,UVSL,UVSL|20160624,0.15,0.1,0.1,0.0,192564.9
2019-08-02,VISESHINFO,VISESHINFO|20060102,0.05,0.1,0.1,0.0,192082.5
2019-01-24,UVSL,UVSL|20160624,0.15,0.1,0.15,0.4999999999999998,191943.2
2015-02-16,VISESHINFO,VISESHINFO|20060102,0.15,0.1,0.1,0.0,190841.6
2014-04-01,BIRLACOT,BIRLACOT|20080730,0.15,0.1,0.1,0.0,190698.1
2013-02-05,BIRLACOT,BIRLACOT|20080730,0.1,0.15,0.15,0.0,189378.95
2020-01-01,VISESHINFO,VISESHINFO|20060102,0.1,0.05,0.05,0.0,189100.25
2017-09-08,KSERASERA,KSERASERA|20061005,0.15,0.1,0.15,0.4999999999999998,188823.5
2020-02-04,VISESHINFO,VISESHINFO|20060102,0.05,0.1,0.1,0.0,187480.35
2019-05-20,VISESHINFO,VISESHINFO|20060102,0.05,0.1,0.1,0.0,186594.35
2019-03-15,UVSL,UVSL|20160624,0.1,0.15,0.15,0.0,186081.7
2019-12-19,VISESHINFO,VISESHINFO|20060102,0.1,0.05,0.1,1.0,184184.65
2015-05-26,VISESHINFO,VISESHINFO|20060102,0.15,0.1,0.1,0.0,183808.3
2016-11-22,VISESHINFO,VISESHINFO|20060102,0.1,0.15,0.15,0.0,182876.45
2016-06-06,VISESHINFO,VISESHINFO|20060102,0.15,0.1,0.1,0.0,182874.9
2016-09-22,BIRLACOT,BIRLACOT|20080730,0.1,0.05,0.1,1.0,182017.4
2020-02-03,VISESHINFO,VISESHINFO|20060102,0.1,0.05,0.1,1.0,181860.15
2019-02-13,UVSL,UVSL|20160624,0.15,0.1,0.15,0.4999999999999998,181150.5
2019-03-14,UVSL,UVSL|20160624,0.15,0.1,0.15,0.4999999999999998,179629.55
2015-04-17,VISESHINFO,VISESHINFO|20060102,0.15,0.1,0.15,0.4999999999999998,179425.35
2020-02-26,VISESHINFO,VISESHINFO|20060102,0.1,0.05,0.1,1.0,178260.7
2008-07-11,LOTTEINDIA,LOTTEINDIA|20060106,358.1,224.0,368.8,0.6464285714285716,177570.15
2020-01-02,VISESHINFO,VISESHINFO|20060102,0.1,0.05,0.1,1.0,177501.2
2018-05-02,VISESHINFO,VISESHINFO|20060102,0.15,0.1,0.1,0.0,177116.0
2019-03-11,VISESHINFO,VISESHINFO|20060102,0.05,0.1,0.1,0.0,176819.4
2019-10-07,VISESHINFO,VISESHINFO|20060102,0.1,0.05,0.05,0.0,176527.6
2019-02-22,UVSL,UVSL|20160624,0.1,0.15,0.15,0.0,176145.6
2020-02-19,UVSL,UVSL|20160624,0.05,0.1,0.1,0.0,175913.7
2013-08-26,DHANUS,DHANUS|20071017,0.15,0.1,0.15,0.4999999999999998,175819.15
2016-07-05,BIRLACOT,BIRLACOT|20080730,0.05,0.1,0.1,0.0,174789.45
2016-06-02,BIRLACOT,BIRLACOT|20080730,0.1,0.05,0.1,1.0,174045.95
2019-07-17,UVSL,UVSL|20160624,0.1,0.05,0.05,0.0,174029.8
2019-02-19,VISESHINFO,VISESHINFO|20060102,0.1,0.05,0.05,0.0,173605.45
2019-10-01,VISESHINFO,VISESHINFO|20060102,0.1,0.05,0.05,0.0,173088.65
2016-01-21,VISESHINFO,VISESHINFO|20060102,0.15,0.1,0.15,0.4999999999999998,171568.55
2023-08-03,SRPL-RE,SRPL-RE|20230717,0.15,0.1,0.1,0.0,169236.4
2014-07-28,BIRLACOT,BIRLACOT|20080730,0.15,0.1,0.15,0.4999999999999998,169008.5
2013-09-19,BIRLACOT,BIRLACOT|20080730,0.05,0.1,0.1,0.0,168541.1
2015-01-21,BIRLACOT,BIRLACOT|20080730,0.15,0.1,0.1,0.0,168494.25
2017-06-05,VISESHINFO,VISESHINFO|20060102,0.1,0.15,0.15,0.0,167386.55
2019-06-24,UVSL,UVSL|20160624,0.1,0.05,0.1,1.0,166969.85
2015-06-10,VISESHINFO,VISESHINFO|20060102,0.15,0.1,0.1,0.0,166895.1
2019-03-13,VISESHINFO,VISESHINFO|20060102,0.05,0.1,0.1,0.0,166514.85
2016-08-01,BIRLACOT,BIRLACOT|20080730,0.05,0.1,0.1,0.0,165887.6
2023-07-27,SRPL-RE,SRPL-RE|20230717,0.15,0.1,0.1,0.0,165527.95
2019-04-23,RAJRAYON,RAJRAYON|20070104,0.1,0.05,0.05,0.0,165494.85
2015-01-30,VISESHINFO,VISESHINFO|20060102,0.1,0.15,0.15,0.0,165266.35
2016-08-08,VISESHINFO,VISESHINFO|20060102,0.15,0.1,0.15,0.4999999999999998,164904.85
2015-02-18,VISESHINFO,VISESHINFO|20060102,0.15,0.1,0.1,0.0,164603.5
2016-05-18,BIRLACOT,BIRLACOT|20080730,0.1,0.05,0.1,1.0,164298.7
2017-07-21,VISESHINFO,VISESHINFO|20060102,0.1,0.15,0.15,0.0,163930.6
2019-06-11,UVSL,UVSL|20160624,0.05,0.1,0.1,0.0,163466.15
2020-03-16,KSERASERA,KSERASERA|20061005,0.1,0.05,0.05,0.0,162769.7
2018-04-25,VISESHINFO,VISESHINFO|20060102,0.1,0.15,0.15,0.0,162122.25
2023-02-23,BINANIIND,BILVYAPAR|20060927,10.9,1.0,11.4,10.4,161166.7
2019-11-26,MVL,MVL|20080630,0.05,0.1,0.1,0.0,161135.35
2014-11-13,VISESHINFO,VISESHINFO|20060102,0.1,0.15,0.15,0.0,160773.1
2019-10-11,UVSL,UVSL|20160624,0.05,0.1,0.1,0.0,160201.15
2016-08-03,VISESHINFO,VISESHINFO|20060102,0.1,0.15,0.15,0.0,160137.05
2015-01-08,VISESHINFO,VISESHINFO|20060102,0.15,0.1,0.15,0.4999999999999998,158924.15
2019-04-02,KSERASERA,KSERASERA|20061005,0.1,0.15,0.15,0.0,158897.85
2019-09-27,KSERASERA,KSERASERA|20061005,0.1,0.15,0.15,0.0,158572.75
2019-09-27,VISESHINFO,VISESHINFO|20060102,0.05,0.1,0.1,0.0,158424.75
2020-01-24,VISESHINFO,VISESHINFO|20060102,0.1,0.05,0.1,1.0,157903.15
2020-02-01,VISESHINFO,VISESHINFO|20060102,0.1,0.05,0.05,0.0,157381.1
2019-03-29,VISESHINFO,VISESHINFO|20060102,0.05,0.1,0.1,0.0,157355.9
2019-09-26,UVSL,UVSL|20160624,0.05,0.1,0.1,0.0,157152.15
2019-05-14,RAJRAYON,RAJRAYON|20070104,0.05,0.1,0.1,0.0,157107.95
2019-04-12,VISESHINFO,VISESHINFO|20060102,0.1,0.05,0.1,1.0,157031.1
2019-06-18,KSERASERA,KSERASERA|20061005,0.15,0.1,0.1,0.0,156137.65
2019-08-26,KSERASERA,KSERASERA|20061005,0.15,0.1,0.15,0.4999999999999998,155569.8
2019-12-30,VISESHINFO,VISESHINFO|20060102,0.05,0.1,0.1,0.0,155421.0
2016-01-12,BIRLACOT,BIRLACOT|20080730,0.1,0.05,0.05,0.0,155222.95
2019-05-30,UVSL,UVSL|20160624,0.05,0.1,0.1,0.0,155027.55
2017-03-02,BIRLACOT,BIRLACOT|20080730,0.1,0.05,0.1,1.0,154895.55
2017-03-22,KSERASERA,KSERASERA|20061005,0.15,0.1,0.15,0.4999999999999998,153456.05
2013-09-26,BIRLACOT,BIRLACOT|20080730,0.15,0.1,0.15,0.4999999999999998,153102.65
2017-07-27,KSERASERA,KSERASERA|20061005,0.15,0.1,0.1,0.0,152455.55
2019-06-28,VISESHINFO,VISESHINFO|20060102,0.1,0.05,0.1,1.0,151768.8
2013-12-10,BIRLACOT,BIRLACOT|20080730,0.1,0.15,0.15,0.0,150991.35
2013-06-24,BIRLACOT,BIRLACOT|20080730,0.15,0.1,0.1,0.0,150772.45
2019-06-19,VISESHINFO,VISESHINFO|20060102,0.1,0.05,0.05,0.0,150453.35
2019-03-19,VISESHINFO,VISESHINFO|20060102,0.1,0.05,0.1,1.0,150449.0
2015-05-19,BIRLACOT,BIRLACOT|20080730,0.15,0.1,0.1,0.0,150094.45
2016-07-29,BIRLACOT,BIRLACOT|20080730,0.05,0.1,0.1,0.0,149975.3
2016-09-29,VISESHINFO,VISESHINFO|20060102,0.15,0.1,0.1,0.0,148267.55
2016-10-18,VISESHINFO,VISESHINFO|20060102,0.15,0.1,0.1,0.0,148197.95
2017-10-03,KSERASERA,KSERASERA|20061005,0.15,0.1,0.1,0.0,147495.5
2019-12-04,KSERASERA,KSERASERA|20061005,0.15,0.1,0.15,0.4999999999999998,147402.55
2008-06-13,GENESYS,GENESYS|20060102,97.0,66.5,94.4,0.4195488721804512,147287.75
2013-08-23,BIRLACOT,BIRLACOT|20080730,0.05,0.1,0.1,0.0,146846.7
2015-05-27,VISESHINFO,VISESHINFO|20060102,0.15,0.1,0.1,0.0,146715.2
2020-02-19,VISESHINFO,VISESHINFO|20060102,0.05,0.1,0.1,0.0,146028.4
2015-03-30,BIRLACOT,BIRLACOT|20080730,0.1,0.05,0.1,1.0,145803.95
2013-09-23,BIRLACOT,BIRLACOT|20080730,0.15,0.1,0.15,0.4999999999999998,145508.85
2019-11-05,UVSL,UVSL|20160624,0.05,0.1,0.1,0.0,145090.05
2019-02-14,KSERASERA,KSERASERA|20061005,0.1,0.15,0.15,0.0,144912.1
2016-07-11,VISESHINFO,VISESHINFO|20060102,0.15,0.1,0.1,0.0,144831.25
2019-03-01,RAJRAYON,RAJRAYON|20070104,0.1,0.05,0.1,1.0,144712.5
2019-12-11,VISESHINFO,VISESHINFO|20060102,0.1,0.05,0.05,0.0,144640.45
2018-01-11,VISESHINFO,VISESHINFO|20060102,0.1,0.05,0.1,1.0,144160.6
2020-02-11,VISESHINFO,VISESHINFO|20060102,0.05,0.1,0.1,0.0,144077.95
2020-03-13,KSERASERA,KSERASERA|20061005,0.1,0.05,0.05,0.0,143925.1
2020-02-10,VISESHINFO,VISESHINFO|20060102,0.05,0.1,0.1,0.0,143373.95
2017-08-08,KSERASERA,KSERASERA|20061005,0.15,0.1,0.15,0.4999999999999998,143292.1
2016-11-29,BIRLACOT,BIRLACOT|20080730,0.1,0.05,0.05,0.0,143276.2
2020-09-17,NIFTYEES,NIFTYEES|20150514,10200.0,14788.0,14780.0,-0.000540979172301892,142660.0
2017-06-15,VISESHINFO,VISESHINFO|20060102,0.15,0.1,0.15,0.4999999999999998,142655.6
2016-06-06,BIRLACOT,BIRLACOT|20080730,0.1,0.05,0.1,1.0,141934.5
2019-04-15,RAJRAYON,RAJRAYON|20070104,0.1,0.05,0.05,0.0,141663.55
2017-08-04,VISESHINFO,VISESHINFO|20060102,0.15,0.1,0.15,0.4999999999999998,141536.9
2016-07-05,FARMAXIND,FARMAXIND|20100817,0.15,0.1,0.15,0.4999999999999998,140816.5
2017-06-08,KSERASERA,KSERASERA|20061005,0.1,0.15,0.15,0.0,140383.4
2019-04-24,VISESHINFO,VISESHINFO|20060102,0.1,0.05,0.1,1.0,140280.1
2019-09-17,VISESHINFO,VISESHINFO|20060102,0.1,0.05,0.05,0.0,140087.0
2016-05-09,BIRLACOT,BIRLACOT|20080730,0.05,0.1,0.1,0.0,139896.35
2019-04-05,VISESHINFO,VISESHINFO|20060102,0.05,0.1,0.1,0.0,139619.05
2019-07-04,UVSL,UVSL|20160624,0.1,0.05,0.1,1.0,139503.15
2014-12-10,VISESHINFO,VISESHINFO|20060102,0.15,0.1,0.15,0.4999999999999998,139319.7
2020-03-16,UVSL,UVSL|20160624,0.1,0.05,0.1,1.0,139150.25
2016-07-14,BIRLACOT,BIRLACOT|20080730,0.1,0.05,0.05,0.0,138769.15
2016-07-29,VISESHINFO,VISESHINFO|20060102,0.15,0.1,0.15,0.4999999999999998,138526.45
2014-12-15,BIRLACOT,BIRLACOT|20080730,0.15,0.1,0.1,0.0,138484.3
2014-07-17,BIRLACOT,BIRLACOT|20080730,0.1,0.15,0.15,0.0,138454.0
2019-06-27,KSERASERA,KSERASERA|20061005,0.1,0.15,0.15,0.0,137984.5
2014-09-17,BIRLACOT,BIRLACOT|20080730,0.15,0.1,0.15,0.4999999999999998,137693.7
2015-02-05,VISESHINFO,VISESHINFO|20060102,0.1,0.15,0.15,0.0,137627.7
2020-05-13,RAJRAYON,RAJRAYON|20070104,0.1,0.05,0.1,1.0,137229.1
2015-08-12,VISESHINFO,VISESHINFO|20060102,0.15,0.1,0.1,0.0,137051.4
2013-01-31,BIRLACOT,BIRLACOT|20080730,0.1,0.15,0.15,0.0,136779.3
2015-07-17,VISESHINFO,VISESHINFO|20060102,0.15,0.1,0.1,0.0,136243.2
2019-12-12,KSERASERA,KSERASERA|20061005,0.15,0.1,0.15,0.4999999999999998,136201.55
2014-12-10,BIRLACOT,BIRLACOT|20080730,0.15,0.1,0.1,0.0,135040.7
2014-07-18,BIRLACOT,BIRLACOT|20080730,0.1,0.15,0.15,0.0,135027.45
2019-11-19,KSERASERA,KSERASERA|20061005,0.1,0.05,0.05,0.0,134992.05
2016-07-13,BIRLACOT,BIRLACOT|20080730,0.1,0.05,0.05,0.0,134969.3
2020-03-24,KSERASERA,KSERASERA|20061005,0.1,0.05,0.1,1.0,134849.2
2016-12-23,BIRLACOT,BIRLACOT|20080730,0.05,0.1,0.1,0.0,134660.0
2016-05-12,BIRLACOT,BIRLACOT|20080730,0.1,0.05,0.1,1.0,133421.35
2014-05-06,BIRLACOT,BIRLACOT|20080730,0.15,0.1,0.1,0.0,133366.0
2019-01-23,VISESHINFO,VISESHINFO|20060102,0.1,0.05,0.05,0.0,133348.2
2019-12-06,VISESHINFO,VISESHINFO|20060102,0.05,0.1,0.1,0.0,133015.1
2014-05-27,BIRLACOT,BIRLACOT|20080730,0.1,0.15,0.15,0.0,132954.85
2019-04-01,KSERASERA,KSERASERA|20061005,0.15,0.1,0.15,0.4999999999999998,132765.35
2015-03-12,BIRLACOT,BIRLACOT|20080730,0.1,0.05,0.1,1.0,132753.45
2024-05-27,UEL,UEL|20240416,153.3,43.8,160.95,2.6746575342465753,131996.7
2016-08-09,BIRLACOT,BIRLACOT|20080730,0.1,0.05,0.05,0.0,131660.5
2020-01-13,VISESHINFO,VISESHINFO|20060102,0.05,0.1,0.1,0.0,131597.6
2014-07-22,BIRLACOT,BIRLACOT|20080730,0.1,0.15,0.15,0.0,131149.05
2017-06-12,VISESHINFO,VISESHINFO|20060102,0.1,0.15,0.15,0.0,130599.55
2013-07-31,BIRLACOT,BIRLACOT|20080730,0.15,0.1,0.1,0.0,130339.6
2019-07-01,KSERASERA,KSERASERA|20061005,0.15,0.1,0.1,0.0,130273.3
2017-02-16,BIRLACOT,BIRLACOT|20080730,0.05,0.1,0.1,0.0,129223.5
2019-07-18,KSERASERA,KSERASERA|20061005,0.15,0.1,0.1,0.0,129041.45
2019-07-16,KSERASERA,KSERASERA|20061005,0.1,0.15,0.15,0.0,127869.55
2017-09-18,KSERASERA,KSERASERA|20061005,0.15,0.1,0.1,0.0,127845.05
2019-03-26,VISESHINFO,VISESHINFO|20060102,0.05,0.1,0.1,0.0,127824.85
2019-02-12,UVSL,UVSL|20160624,0.15,0.1,0.1,0.0,127709.35
2014-11-28,BIRLACOT,BIRLACOT|20080730,0.15,0.1,0.1,0.0,127632.15
2015-02-19,BIRLACOT,BIRLACOT|20080730,0.1,0.05,0.1,1.0,127458.45
2019-07-11,KSERASERA,KSERASERA|20061005,0.1,0.15,0.15,0.0,127201.75
2017-07-04,VISESHINFO,VISESHINFO|20060102,0.15,0.1,0.15,0.4999999999999998,127003.5
2019-10-30,VISESHINFO,VISESHINFO|20060102,0.1,0.05,0.05,0.0,126967.55
2017-02-14,BIRLACOT,BIRLACOT|20080730,0.1,0.05,0.05,0.0,126325.65
2014-12-31,VISESHINFO,VISESHINFO|20060102,0.15,0.1,0.15,0.4999999999999998,126095.25
2015-08-18,VISESHINFO,VISESHINFO|20060102,0.15,0.1,0.1,0.0,125946.1
2020-01-02,KSERASERA,KSERASERA|20061005,0.15,0.1,0.15,0.4999999999999998,125791.95
2015-09-09,VKSPL,VKSPL|20120718,0.05,0.1,0.1,0.0,125252.4
2016-07-28,BIRLACOT,BIRLACOT|20080730,0.05,0.1,0.1,0.0,125110.05
2019-12-23,VISESHINFO,VISESHINFO|20060102,0.05,0.1,0.1,0.0,124873.85
2020-03-20,KSERASERA,KSERASERA|20061005,0.05,0.1,0.1,0.0,124704.95
2019-05-06,RAJRAYON,RAJRAYON|20070104,0.1,0.05,0.1,1.0,124651.0
2017-06-14,VISESHINFO,VISESHINFO|20060102,0.15,0.1,0.1,0.0,123981.55
2019-05-16,RAJRAYON,RAJRAYON|20070104,0.1,0.05,0.05,0.0,123776.25
2019-09-09,VISESHINFO,VISESHINFO|20060102,0.05,0.1,0.1,0.0,123723.9
2019-09-03,VISESHINFO,VISESHINFO|20060102,0.05,0.1,0.1,0.0,123279.3
2016-08-26,BIRLACOT,BIRLACOT|20080730,0.05,0.1,0.1,0.0,123148.15
2016-06-10,VISESHINFO,VISESHINFO|20060102,0.1,0.05,0.1,1.0,123095.15
2015-01-16,VISESHINFO,VISESHINFO|20060102,0.15,0.1,0.15,0.4999999999999998,123074.3
2016-08-12,VKSPL,VKSPL|20120718,0.05,0.1,0.1,0.0,122542.5
2014-12-16,BIRLACOT,BIRLACOT|20080730,0.15,0.1,0.1,0.0,122454.25
2015-07-10,VKSPL,VKSPL|20120718,0.1,0.15,0.15,0.0,122127.7
2013-09-13,BIRLACOT,BIRLACOT|20080730,0.1,0.05,0.1,1.0,121959.05
2019-01-28,KSERASERA,KSERASERA|20061005,0.15,0.1,0.15,0.4999999999999998,121950.7
2016-10-17,BIRLACOT,BIRLACOT|20080730,0.05,0.1,0.1,0.0,121684.5
2014-03-12,BIRLACOT,BIRLACOT|20080730,0.1,0.05,0.1,1.0,120820.7
2015-09-07,VKSPL,VKSPL|20120718,0.15,0.1,0.1,0.0,120228.0
2019-01-31,VISESHINFO,VISESHINFO|20060102,0.1,0.05,0.1,1.0,120162.75
2020-02-14,VISESHINFO,VISESHINFO|20060102,0.05,0.1,0.1,0.0,119837.3
2014-12-04,VISESHINFO,VISESHINFO|20060102,0.1,0.15,0.15,0.0,119792.75
2017-06-20,RASOYPR,RASOYPR|20111212,0.1,0.15,0.15,0.0,119772.3
2016-10-21,BIRLACOT,BIRLACOT|20080730,0.1,0.05,0.1,1.0,118755.05
2015-06-25,BIRLACOT,BIRLACOT|20080730,0.1,0.05,0.1,1.0,118160.85
2013-04-29,DHANUS,DHANUS|20071017,0.1,0.15,0.15,0.0,118007.2
2017-02-10,BIRLACOT,BIRLACOT|20080730,0.05,0.1,0.1,0.0,117841.15
2019-06-12,UVSL,UVSL|20160624,0.05,0.1,0.1,0.0,117466.4
2020-04-03,KSERASERA,KSERASERA|20061005,0.05,0.1,0.1,0.0,117243.8
2013-03-08,BIRLACOT,BIRLACOT|20080730,0.15,0.1,0.15,0.4999999999999998,116846.85
2015-04-20,BIRLACOT,BIRLACOT|20080730,0.15,0.1,0.1,0.0,116694.8
2015-04-10,VISESHINFO,VISESHINFO|20060102,0.15,0.1,0.15,0.4999999999999998,116249.2
2014-11-12,BIRLACOT,BIRLACOT|20080730,0.15,0.1,0.15,0.4999999999999998,115813.15
2019-04-10,KSERASERA,KSERASERA|20061005,0.15,0.1,0.15,0.4999999999999998,115788.25
2017-07-25,VISESHINFO,VISESHINFO|20060102,0.15,0.1,0.1,0.0,115663.05
2020-01-21,VISESHINFO,VISESHINFO|20060102,0.1,0.05,0.1,1.0,114870.45
2016-10-04,VISESHINFO,VISESHINFO|20060102,0.15,0.1,0.15,0.4999999999999998,114689.4
2016-05-30,FARMAXIND,FARMAXIND|20100817,0.1,0.15,0.15,0.0,114581.65
2017-06-29,RASOYPR,RASOYPR|20111212,0.1,0.15,0.15,0.0,113681.2
2016-09-28,BIRLACOT,BIRLACOT|20080730,0.05,0.1,0.1,0.0,113496.85
2016-08-30,VKSPL,VKSPL|20120718,0.05,0.1,0.1,0.0,112989.6
2013-12-20,BIRLACOT,BIRLACOT|20080730,0.15,0.1,0.1,0.0,112843.5
2018-10-05,RAJRAYON,RAJRAYON|20070104,0.15,0.1,0.1,0.0,112786.85
2015-05-15,VISESHINFO,VISESHINFO|20060102,0.15,0.1,0.1,0.0,112505.9
2019-07-18,UVSL,UVSL|20160624,0.1,0.05,0.1,1.0,112086.0
2014-09-02,BIRLACOT,BIRLACOT|20080730,0.15,0.1,0.15,0.4999999999999998,111748.5
2020-03-05,KSERASERA,KSERASERA|20061005,0.05,0.1,0.1,0.0,111542.9
2019-01-22,KSERASERA,KSERASERA|20061005,0.15,0.1,0.15,0.4999999999999998,111396.45
2019-07-24,VISESHINFO,VISESHINFO|20060102,0.1,0.05,0.05,0.0,110967.2
2019-01-25,KSERASERA,KSERASERA|20061005,0.15,0.1,0.1,0.0,110845.65
2016-10-04,FARMAXIND,FARMAXIND|20100817,0.1,0.05,0.1,1.0,110461.0
2015-03-13,VISESHINFO,VISESHINFO|20060102,0.15,0.1,0.1,0.0,110386.5
2015-06-02,VISESHINFO,VISESHINFO|20060102,0.15,0.1,0.1,0.0,110354.95
2015-01-06,SURYAPHARM,SURYAPHARM|20060102,0.1,0.15,0.15,0.0,110255.4
2015-11-09,VISESHINFO,VISESHINFO|20060102,0.1,0.05,0.1,1.0,109800.1
2019-04-02,RAJRAYON,RAJRAYON|20070104,0.1,0.05,0.05,0.0,109598.5
2014-12-11,BIRLACOT,BIRLACOT|20080730,0.15,0.1,0.1,0.0,108453.0
2016-09-19,VKSPL,VKSPL|20120718,0.05,0.1,0.1,0.0,107492.25
2016-06-29,BIRLACOT,BIRLACOT|20080730,0.05,0.1,0.1,0.0,107308.95
2020-04-13,RAJRAYON,RAJRAYON|20070104,0.1,0.05,0.1,1.0,107255.85
2020-01-28,KSERASERA,KSERASERA|20061005,0.15,0.1,0.1,0.0,106981.4
2019-04-05,RAJRAYON,RAJRAYON|20070104,0.1,0.05,0.05,0.0,106786.35
2017-02-17,BIRLACOT,BIRLACOT|20080730,0.05,0.1,0.1,0.0,105888.85
2016-09-16,BIRLACOT,BIRLACOT|20080730,0.1,0.05,0.1,1.0,105557.75
2017-03-07,BIRLACOT,BIRLACOT|20080730,0.1,0.05,0.1,1.0,105330.2
2016-06-20,FARMAXIND,FARMAXIND|20100817,0.15,0.1,0.15,0.4999999999999998,105293.35
2016-02-02,VISESHINFO,VISESHINFO|20060102,0.15,0.1,0.15,0.4999999999999998,104745.85
2019-04-08,RAJRAYON,RAJRAYON|20070104,0.1,0.05,0.1,1.0,103672.8
2020-03-06,KSERASERA,KSERASERA|20061005,0.05,0.1,0.1,0.0,102506.3
2015-07-28,BIRLACOT,BIRLACOT|20080730,0.1,0.05,0.05,0.0,102332.5
2019-03-08,UVSL,UVSL|20160624,0.15,0.1,0.15,0.4999999999999998,102164.7
2019-12-06,KSERASERA,KSERASERA|20061005,0.15,0.1,0.15,0.4999999999999998,102079.0
2016-08-16,BIRLACOT,BIRLACOT|20080730,0.05,0.1,0.1,0.0,102062.45
2013-04-04,BIRLACOT,BIRLACOT|20080730,0.15,0.1,0.1,0.0,101826.25
2017-02-03,BIRLACOT,BIRLACOT|20080730,0.1,0.05,0.05,0.0,101784.35
2016-09-02,SETF10GILT,SETF10GILT|20160623,180.0,123.0,142.03,0.1547154471544716,101181.93
2008-06-13,CCL,CCL|20060102,175.95,61.6,177.6,1.883116883116883,101061.05
2019-01-15,UVSL,UVSL|20160624,0.1,0.15,0.15,0.0,101036.35
2008-06-16,PAEL,PAEL|20060102,30.4,13.7,30.0,1.1897810218978102,101032.3
2019-05-09,RAJRAYON,RAJRAYON|20070104,0.1,0.05,0.1,1.0,100780.0
2017-11-27,SPCENET,SPCENET|20170110,0.1,0.15,0.15,0.0,100595.1
2019-12-26,KSERASERA,KSERASERA|20061005,0.15,0.1,0.1,0.0,99839.65
2019-01-29,VISESHINFO,VISESHINFO|20060102,0.05,0.1,0.1,0.0,99766.1
2019-05-13,RAJRAYON,RAJRAYON|20070104,0.05,0.1,0.1,0.0,99758.85
2013-08-13,BIRLACOT,BIRLACOT|20080730,0.15,0.1,0.1,0.0,99721.6
2017-06-30,KSERASERA,KSERASERA|20061005,0.15,0.1,0.15,0.4999999999999998,99408.85
2019-12-20,KSERASERA,KSERASERA|20061005,0.1,0.15,0.15,0.0,99218.25
2014-04-03,BIRLACOT,BIRLACOT|20080730,0.15,0.1,0.1,0.0,99113.55
2013-07-10,BIRLACOT,BIRLACOT|20080730,0.1,0.05,0.1,1.0,98813.45
2019-07-08,VISESHINFO,VISESHINFO|20060102,0.1,0.05,0.1,1.0,98414.05
2020-01-20,KSERASERA,KSERASERA|20061005,0.15,0.1,0.15,0.4999999999999998,98281.35
2013-01-28,BIRLACOT,BIRLACOT|20080730,0.1,0.15,0.15,0.0,98275.75
2013-05-23,BIRLACOT,BIRLACOT|20080730,0.15,0.1,0.1,0.0,98164.8
2015-02-12,VISESHINFO,VISESHINFO|20060102,0.15,0.1,0.15,0.4999999999999998,97812.2
2019-05-15,VISESHINFO,VISESHINFO|20060102,0.1,0.05,0.1,1.0,97776.0
2019-05-30,KSERASERA,KSERASERA|20061005,0.15,0.1,0.15,0.4999999999999998,97712.0
2014-12-29,VISESHINFO,VISESHINFO|20060102,0.15,0.1,0.15,0.4999999999999998,97545.35
2019-10-23,UVSL,UVSL|20160624,0.1,0.05,0.05,0.0,97432.55
2020-02-03,KSERASERA,KSERASERA|20061005,0.15,0.1,0.15,0.4999999999999998,97213.6
2020-04-28,RAJRAYON,RAJRAYON|20070104,0.1,0.05,0.1,1.0,97002.9
2014-09-18,BIRLACOT,BIRLACOT|20080730,0.1,0.15,0.15,0.0,96897.4
2016-06-09,BIRLACOT,BIRLACOT|20080730,0.1,0.05,0.1,1.0,96530.55
2019-05-30,VISESHINFO,VISESHINFO|20060102,0.05,0.1,0.1,0.0,96218.4
2016-02-11,VISESHINFO,VISESHINFO|20060102,0.15,0.1,0.15,0.4999999999999998,96212.25
2013-04-25,DHANUS,DHANUS|20071017,0.1,0.15,0.15,0.0,95853.9
2014-04-09,BIRLACOT,BIRLACOT|20080730,0.15,0.1,0.15,0.4999999999999998,95129.85
2020-01-02,MVL,MVL|20080630,0.05,0.1,0.1,0.0,94971.4
2014-05-02,BIRLACOT,BIRLACOT|20080730,0.15,0.1,0.1,0.0,94725.6
2017-02-01,BIRLACOT,BIRLACOT|20080730,0.1,0.05,0.1,1.0,94521.4
2017-06-29,VISESHINFO,VISESHINFO|20060102,0.15,0.1,0.15,0.4999999999999998,94454.2
2019-09-13,KSERASERA,KSERASERA|20061005,0.15,0.1,0.1,0.0,94170.9
2019-03-14,VISESHINFO,VISESHINFO|20060102,0.05,0.1,0.1,0.0,94097.15
2015-06-30,VISESHINFO,VISESHINFO|20060102,0.15,0.1,0.15,0.4999999999999998,94053.2
2013-01-30,BIRLACOT,BIRLACOT|20080730,0.1,0.15,0.15,0.0,93717.75
2019-03-25,VISESHINFO,VISESHINFO|20060102,0.1,0.05,0.1,1.0,93639.7
2020-03-17,KSERASERA,KSERASERA|20061005,0.1,0.05,0.1,1.0,93476.9
2018-11-30,RAJRAYON,RAJRAYON|20070104,0.15,0.1,0.15,0.4999999999999998,93005.25
2019-07-08,UVSL,UVSL|20160624,0.05,0.1,0.1,0.0,92997.9
2019-07-04,KSERASERA,KSERASERA|20061005,0.15,0.1,0.15,0.4999999999999998,92986.2
2020-01-15,KSERASERA,KSERASERA|20061005,0.1,0.15,0.15,0.0,92983.9
2015-05-18,VISESHINFO,VISESHINFO|20060102,0.15,0.1,0.15,0.4999999999999998,92952.0
2016-04-21,VISESHINFO,VISESHINFO|20060102,0.1,0.05,0.1,1.0,92694.95
2016-06-22,BIRLACOT,BIRLACOT|20080730,0.1,0.05,0.05,0.0,92642.7
2016-10-14,BIRLACOT,BIRLACOT|20080730,0.1,0.05,0.1,1.0,92125.15
2017-07-10,VISESHINFO,VISESHINFO|20060102,0.1,0.15,0.15,0.0,91244.15
2014-12-12,VISESHINFO,VISESHINFO|20060102,0.1,0.15,0.15,0.0,91163.75
2018-06-18,PRAKASHSTL,PRAKASHSTL|20100825,0.15,0.1,0.05,-0.5,90994.65
2016-04-05,VISESHINFO,VISESHINFO|20060102,0.1,0.05,0.1,1.0,90955.2
2013-12-03,BIRLACOT,BIRLACOT|20080730,0.15,0.1,0.1,0.0,90832.9
2019-01-29,KSERASERA,KSERASERA|20061005,0.1,0.15,0.15,0.0,90817.4
2020-01-16,VISESHINFO,VISESHINFO|20060102,0.1,0.05,0.05,0.0,90749.8
2019-10-23,KSERASERA,KSERASERA|20061005,0.1,0.05,0.1,1.0,90598.35
2019-05-16,KSERASERA,KSERASERA|20061005,0.1,0.15,0.15,0.0,90588.65
2015-01-29,BIRLACOT,BIRLACOT|20080730,0.05,0.1,0.1,0.0,90428.6
2026-03-13,BHANDA-RE2,BHANDA-RE2|20260306,0.03,0.02,0.02,0.0,89645.14
2019-10-10,VISESHINFO,VISESHINFO|20060102,0.1,0.05,0.05,0.0,89274.85
2016-02-19,VISESHINFO,VISESHINFO|20060102,0.1,0.05,0.1,1.0,89253.95
2015-06-11,VISESHINFO,VISESHINFO|20060102,0.15,0.1,0.1,0.0,89190.7
2018-10-22,RAJRAYON,RAJRAYON|20070104,0.1,0.15,0.15,0.0,89132.3
2019-02-11,UVSL,UVSL|20160624,0.15,0.1,0.1,0.0,89031.65
2019-12-18,KSERASERA,KSERASERA|20061005,0.15,0.1,0.1,0.0,88470.75
2018-12-28,RAJRAYON,RAJRAYON|20070104,0.15,0.1,0.1,0.0,88421.25
2019-01-21,VISESHINFO,VISESHINFO|20060102,0.1,0.05,0.1,1.0,88415.0
2016-07-01,VISESHINFO,VISESHINFO|20060102,0.1,0.05,0.1,1.0,88381.2
2019-01-07,VISESHINFO,VISESHINFO|20060102,0.05,0.1,0.1,0.0,88318.25
2018-12-20,RAJRAYON,RAJRAYON|20070104,0.1,0.15,0.15,0.0,88315.2
2019-06-27,UVSL,UVSL|20160624,0.1,0.05,0.05,0.0,88304.5
2017-08-01,KSERASERA,KSERASERA|20061005,0.1,0.15,0.15,0.0,88157.0
2015-08-11,VKSPL,VKSPL|20120718,0.15,0.1,0.15,0.4999999999999998,87691.7
2015-03-26,BIRLACOT,BIRLACOT|20080730,0.1,0.05,0.05,0.0,87500.1
2015-03-20,BIRLACOT,BIRLACOT|20080730,0.1,0.05,0.1,1.0,87022.65
2014-10-29,BIRLACOT,BIRLACOT|20080730,0.15,0.1,0.1,0.0,86873.25
2016-07-27,BIRLACOT,BIRLACOT|20080730,0.1,0.05,0.1,1.0,86443.5
2014-12-19,VISESHINFO,VISESHINFO|20060102,0.15,0.1,0.15,0.4999999999999998,86434.25
2014-09-22,BIRLAPOWER,BIRLAPOWER|20070606,0.05,0.1,0.1,0.0,86287.6
2013-06-17,BIRLACOT,BIRLACOT|20080730,0.15,0.1,0.1,0.0,86266.8
2015-05-06,BIRLACOT,BIRLACOT|20080730,0.15,0.1,0.15,0.4999999999999998,86251.8
2019-04-02,VISESHINFO,VISESHINFO|20060102,0.1,0.05,0.05,0.0,86160.75
2014-10-08,BIRLACOT,BIRLACOT|20080730,0.1,0.15,0.15,0.0,86153.3
2016-09-21,BIRLACOT,BIRLACOT|20080730,0.1,0.05,0.05,0.0,86114.85
2013-02-11,BIRLACOT,BIRLACOT|20080730,0.15,0.1,0.15,0.4999999999999998,86044.5
2020-03-19,KSERASERA,KSERASERA|20061005,0.05,0.1,0.1,0.0,86035.45
2014-12-01,BIRLAPOWER,BIRLAPOWER|20070606,0.05,0.1,0.1,0.0,85889.25
2020-05-27,RAJRAYON,RAJRAYON|20070104,0.1,0.05,0.1,1.0,85630.2
2016-08-19,VISESHINFO,VISESHINFO|20060102,0.1,0.05,0.1,1.0,85462.85
2019-01-16,VISESHINFO,VISESHINFO|20060102,0.1,0.05,0.05,0.0,85404.65
2016-02-23,VISESHINFO,VISESHINFO|20060102,0.1,0.05,0.1,1.0,85381.0
2014-09-26,BIRLACOT,BIRLACOT|20080730,0.15,0.1,0.15,0.4999999999999998,85310.4
2015-08-17,BIRLACOT,BIRLACOT|20080730,0.05,0.1,0.1,0.0,85258.35
2019-11-01,KSERASERA,KSERASERA|20061005,0.1,0.05,0.05,0.0,85158.1
2017-02-22,BIRLACOT,BIRLACOT|20080730,0.1,0.05,0.1,1.0,84498.85
2019-02-21,VISESHINFO,VISESHINFO|20060102,0.1,0.05,0.05,0.0,84250.75
2014-01-06,BIRLACOT,BIRLACOT|20080730,0.15,0.1,0.1,0.0,83831.9
2019-04-16,RAJRAYON,RAJRAYON|20070104,0.1,0.05,0.05,0.0,83713.85
2016-12-22,BIRLACOT,BIRLACOT|20080730,0.05,0.1,0.1,0.0,83548.9
2019-06-11,KSERASERA,KSERASERA|20061005,0.1,0.15,0.15,0.0,83068.3
2013-03-20,BIRLACOT,BIRLACOT|20080730,0.15,0.1,0.1,0.0,83068.0
2019-01-18,RAJRAYON,RAJRAYON|20070104,0.1,0.15,0.15,0.0,82987.1
2019-07-04,VISESHINFO,VISESHINFO|20060102,0.05,0.1,0.1,0.0,82744.15
2026-03-09,HILTON-RE2,HILTON-RE2|20260306,0.15,0.22,0.2,-0.09090909090909083,82576.34
2019-05-06,KSERASERA,KSERASERA|20061005,0.15,0.1,0.1,0.0,82309.35
2016-09-09,VISESHINFO,VISESHINFO|20060102,0.05,0.1,0.1,0.0,81983.55
2019-05-21,RAJRAYON,RAJRAYON|20070104,0.1,0.05,0.05,0.0,81877.7
2020-01-31,KSERASERA,KSERASERA|20061005,0.15,0.1,0.1,0.0,81663.1
2013-05-30,BIRLACOT,BIRLACOT|20080730,0.15,0.1,0.1,0.0,81403.7
2015-01-29,VISESHINFO,VISESHINFO|20060102,0.1,0.15,0.15,0.0,81363.4
2019-07-15,VISESHINFO,VISESHINFO|20060102,0.1,0.05,0.1,1.0,81326.75
2019-08-08,KSERASERA,KSERASERA|20061005,0.15,0.1,0.1,0.0,81101.8
2018-10-08,RAJRAYON,RAJRAYON|20070104,0.15,0.1,0.15,0.4999999999999998,80726.55
2016-12-30,BIRLACOT,BIRLACOT|20080730,0.05,0.1,0.1,0.0,80497.05
2019-12-10,KSERASERA,KSERASERA|20061005,0.15,0.1,0.1,0.0,79800.7
2014-12-12,BIRLACOT,BIRLACOT|20080730,0.15,0.1,0.1,0.0,79772.9
2019-05-15,KSERASERA,KSERASERA|20061005,0.15,0.1,0.15,0.4999999999999998,79742.7
2016-05-25,BIRLACOT,BIRLACOT|20080730,0.1,0.05,0.05,0.0,79731.05
2016-10-27,BIRLACOT,BIRLACOT|20080730,0.1,0.05,0.1,1.0,79426.7
2017-07-13,VISESHINFO,VISESHINFO|20060102,0.1,0.15,0.15,0.0,79271.55
2015-05-20,BIRLACOT,BIRLACOT|20080730,0.15,0.1,0.1,0.0,79026.3
2016-07-15,BIRLACOT,BIRLACOT|20080730,0.1,0.05,0.1,1.0,79024.95
2015-05-12,BIRLACOT,BIRLACOT|20080730,0.15,0.1,0.1,0.0,78856.6
2016-08-10,BIRLACOT,BIRLACOT|20080730,0.1,0.05,0.1,1.0,78767.45
2016-08-18,BIRLACOT,BIRLACOT|20080730,0.05,0.1,0.1,0.0,78526.55
2019-07-09,KSERASERA,KSERASERA|20061005,0.15,0.1,0.15,0.4999999999999998,78516.5
2019-11-20,KSERASERA,KSERASERA|20061005,0.1,0.05,0.1,1.0,78370.9
2015-09-15,VISESHINFO,VISESHINFO|20060102,0.1,0.05,0.1,1.0,78344.9
2016-08-17,BIRLACOT,BIRLACOT|20080730,0.05,0.1,0.1,0.0,78289.2
2019-06-18,VISESHINFO,VISESHINFO|20060102,0.1,0.05,0.05,0.0,78235.95
2013-11-08,BIRLACOT,BIRLACOT|20080730,0.15,0.1,0.15,0.4999999999999998,78206.05
2019-01-17,VISESHINFO,VISESHINFO|20060102,0.1,0.05,0.1,1.0,78170.95
2019-07-16,VISESHINFO,VISESHINFO|20060102,0.05,0.1,0.1,0.0,78012.65
2015-03-16,BIRLACOT,BIRLACOT|20080730,0.1,0.05,0.1,1.0,77756.75
2019-10-04,KSERASERA,KSERASERA|20061005,0.05,0.1,0.1,0.0,77659.85
2020-01-07,KSERASERA,KSERASERA|20061005,0.15,0.1,0.1,0.0,77309.1
2016-06-14,BIRLACOT,BIRLACOT|20080730,0.1,0.05,0.1,1.0,77068.5
2019-05-07,KSERASERA,KSERASERA|20061005,0.15,0.1,0.15,0.4999999999999998,77055.95
2016-08-08,BIRLACOT,BIRLACOT|20080730,0.1,0.05,0.05,0.0,77035.0
2019-06-13,KSERASERA,KSERASERA|20061005,0.15,0.1,0.1,0.0,76921.2
2017-08-02,KSERASERA,KSERASERA|20061005,0.1,0.15,0.15,0.0,76760.1
2016-06-30,VISESHINFO,VISESHINFO|20060102,0.1,0.05,0.05,0.0,76575.9
2016-09-26,BIRLACOT,BIRLACOT|20080730,0.05,0.1,0.1,0.0,76431.4
2019-02-20,VISESHINFO,VISESHINFO|20060102,0.1,0.05,0.05,0.0,76291.95
2020-10-28,RAJRAYON,RAJRAYON|20070104,0.1,0.15,0.15,0.0,75302.4
2015-08-14,BIRLACOT,BIRLACOT|20080730,0.05,0.1,0.1,0.0,75147.55
2019-01-16,RAJRAYON,RAJRAYON|20070104,0.15,0.1,0.15,0.4999999999999998,75037.85
2016-08-19,BIRLACOT,BIRLACOT|20080730,0.05,0.1,0.1,0.0,74882.45
2018-10-10,RAJRAYON,RAJRAYON|20070104,0.1,0.15,0.15,0.0,74868.5
2016-11-10,BIRLACOT,BIRLACOT|20080730,0.05,0.1,0.1,0.0,74834.45
2014-01-09,BIRLACOT,BIRLACOT|20080730,0.15,0.1,0.15,0.4999999999999998,74753.9
2016-04-07,VISESHINFO,VISESHINFO|20060102,0.1,0.05,0.1,1.0,74722.6
2013-08-20,BIRLACOT,BIRLACOT|20080730,0.1,0.05,0.1,1.0,74653.95
2020-04-16,RAJRAYON,RAJRAYON|20070104,0.05,0.1,0.1,0.0,74423.55
2019-06-24,VISESHINFO,VISESHINFO|20060102,0.05,0.1,0.1,0.0,74271.25
2019-08-22,KSERASERA,KSERASERA|20061005,0.15,0.1,0.1,0.0,74193.45
2020-03-12,SUJANAUNI,SUJANAUNI|20080219,0.15,0.1,0.15,0.4999999999999998,74051.15
2017-01-17,BIRLACOT,BIRLACOT|20080730,0.05,0.1,0.1,0.0,74009.45
2019-12-12,RAJRAYON,RAJRAYON|20070104,0.1,0.05,0.05,0.0,73995.8
2020-01-06,KSERASERA,KSERASERA|20061005,0.15,0.1,0.1,0.0,73488.9
2013-11-22,BIRLACOT,BIRLACOT|20080730,0.15,0.1,0.15,0.4999999999999998,73148.8
2015-04-16,BIRLACOT,BIRLACOT|20080730,0.15,0.1,0.1,0.0,72993.0
2013-07-11,BIRLACOT,BIRLACOT|20080730,0.15,0.1,0.1,0.0,72962.4
2014-10-30,BIRLACOT,BIRLACOT|20080730,0.15,0.1,0.15,0.4999999999999998,72893.15
2013-08-28,BIRLACOT,BIRLACOT|20080730,0.05,0.1,0.1,0.0,72661.3
2020-01-08,KSERASERA,KSERASERA|20061005,0.15,0.1,0.1,0.0,72635.75
2019-02-26,KSERASERA,KSERASERA|20061005,0.15,0.1,0.15,0.4999999999999998,72489.75
2013-03-06,BIRLACOT,BIRLACOT|20080730,0.15,0.1,0.15,0.4999999999999998,72473.4
2014-04-11,BIRLACOT,BIRLACOT|20080730,0.15,0.1,0.15,0.4999999999999998,72141.4
2016-06-23,FARMAXIND,FARMAXIND|20100817,0.15,0.1,0.15,0.4999999999999998,71999.35
2013-02-27,BIRLACOT,BIRLACOT|20080730,0.15,0.1,0.15,0.4999999999999998,71895.15
2017-05-29,KSERASERA,KSERASERA|20061005,0.15,0.1,0.15,0.4999999999999998,71814.1
2013-10-01,BIRLACOT,BIRLACOT|20080730,0.15,0.1,0.1,0.0,71250.6
2016-11-01,VISESHINFO,VISESHINFO|20060102,0.1,0.15,0.15,0.0,70969.1
2019-10-11,VISESHINFO,VISESHINFO|20060102,0.1,0.05,0.05,0.0,70366.3
2019-02-19,KSERASERA,KSERASERA|20061005,0.15,0.1,0.15,0.4999999999999998,70348.95
2019-06-25,KSERASERA,KSERASERA|20061005,0.15,0.1,0.15,0.4999999999999998,70277.55
2019-07-31,VISESHINFO,VISESHINFO|20060102,0.1,0.05,0.05,0.0,70153.0
2016-05-11,FARMAXIND,FARMAXIND|20100817,0.15,0.1,0.15,0.4999999999999998,70004.15
2015-01-01,BIRLACOT,BIRLACOT|20080730,0.1,0.15,0.15,0.0,69332.8
2013-04-16,BIRLACOT,BIRLACOT|20080730,0.15,0.1,0.15,0.4999999999999998,69296.65
2019-01-11,VISESHINFO,VISESHINFO|20060102,0.05,0.1,0.1,0.0,69214.4
2019-04-10,RAJRAYON,RAJRAYON|20070104,0.1,0.05,0.05,0.0,68995.6
2018-11-16,RAJRAYON,RAJRAYON|20070104,0.1,0.15,0.15,0.0,68960.05
2016-05-11,VISESHINFO,VISESHINFO|20060102,0.1,0.05,0.1,1.0,68848.05
2015-06-22,BIRLACOT,BIRLACOT|20080730,0.1,0.05,0.1,1.0,68717.25
2015-02-06,BIRLACOT,BIRLACOT|20080730,0.05,0.1,0.1,0.0,68424.9
2015-01-23,BIRLACOT,BIRLACOT|20080730,0.1,0.15,0.15,0.0,68227.9
2016-09-01,BIRLACOT,BIRLACOT|20080730,0.1,0.05,0.05,0.0,68123.5
2015-11-13,FARMAXIND,FARMAXIND|20100817,0.1,0.15,0.15,0.0,68040.05
2014-11-14,BIRLACOT,BIRLACOT|20080730,0.15,0.1,0.15,0.4999999999999998,67925.55
2013-06-17,ASTERSILI,SHRIASTER|20100728,12.0,5.4,13.1,1.4259259259259256,67870.85
2019-08-19,VISESHINFO,VISESHINFO|20060102,0.05,0.1,0.1,0.0,67839.75
2018-02-02,FCSSOFT,FCSSOFT|20060102,0.15,0.1,0.15,0.4999999999999998,67594.8
2016-06-16,BIRLACOT,BIRLACOT|20080730,0.05,0.1,0.1,0.0,67587.15
2015-04-27,VISESHINFO,VISESHINFO|20060102,0.15,0.1,0.15,0.4999999999999998,67410.25
2019-09-18,KSERASERA,KSERASERA|20061005,0.15,0.1,0.1,0.0,67365.65
2016-11-22,BIRLACOT,BIRLACOT|20080730,0.1,0.05,0.1,1.0,67353.4
2017-08-07,KSERASERA,KSERASERA|20061005,0.15,0.1,0.1,0.0,67254.55
2017-01-25,BIRLACOT,BIRLACOT|20080730,0.05,0.1,0.1,0.0,66534.4
2019-04-09,VISESHINFO,VISESHINFO|20060102,0.05,0.1,0.1,0.0,66498.45
2015-03-05,VISESHINFO,VISESHINFO|20060102,0.1,0.15,0.15,0.0,65815.0
2016-10-25,VISESHINFO,VISESHINFO|20060102,0.15,0.1,0.1,0.0,65785.35
2019-02-26,VISESHINFO,VISESHINFO|20060102,0.05,0.1,0.1,0.0,65755.1
2015-03-27,BIRLACOT,BIRLACOT|20080730,0.1,0.05,0.05,0.0,65699.25
2019-02-28,KSERASERA,KSERASERA|20061005,0.15,0.1,0.15,0.4999999999999998,65595.65
2019-12-30,MVL,MVL|20080630,0.1,0.05,0.1,1.0,65592.35
2018-12-10,RAJRAYON,RAJRAYON|20070104,0.1,0.15,0.15,0.0,65438.75
2016-06-24,BIRLACOT,BIRLACOT|20080730,0.1,0.05,0.1,1.0,65260.2
2020-02-27,KSERASERA,KSERASERA|20061005,0.05,0.1,0.1,0.0,65201.4
2015-02-06,VISESHINFO,VISESHINFO|20060102,0.1,0.15,0.15,0.0,65195.2
2015-12-23,VISESHINFO,VISESHINFO|20060102,0.1,0.05,0.1,1.0,65138.0
2014-03-18,BIRLACOT,BIRLACOT|20080730,0.1,0.05,0.1,1.0,64813.95
2015-06-12,BIRLACOT,BIRLACOT|20080730,0.15,0.1,0.1,0.0,64282.15
2016-05-31,BIRLACOT,BIRLACOT|20080730,0.1,0.05,0.1,1.0,64268.55
2016-11-03,VISESHINFO,VISESHINFO|20060102,0.15,0.1,0.15,0.4999999999999998,64181.0
2013-10-29,BIRLACOT,BIRLACOT|20080730,0.15,0.1,0.1,0.0,63978.8
2016-09-15,VISESHINFO,VISESHINFO|20060102,0.1,0.05,0.1,1.0,63886.5
2019-04-18,RAJRAYON,RAJRAYON|20070104,0.1,0.05,0.1,1.0,63840.35
2019-01-23,RAJRAYON,RAJRAYON|20070104,0.05,0.1,0.1,0.0,63779.6
2017-01-30,BIRLACOT,BIRLACOT|20080730,0.05,0.1,0.1,0.0,63666.2
2015-04-29,BIRLACOT,BIRLACOT|20080730,0.15,0.1,0.1,0.0,63518.6
2016-12-20,BIRLACOT,BIRLACOT|20080730,0.1,0.05,0.05,0.0,63472.5
2016-04-13,VISESHINFO,VISESHINFO|20060102,0.05,0.1,0.1,0.0,63250.15
2019-10-30,KSERASERA,KSERASERA|20061005,0.1,0.05,0.1,1.0,63032.8
2015-10-01,VISESHINFO,VISESHINFO|20060102,0.1,0.05,0.1,1.0,63026.95
2015-05-29,VISESHINFO,VISESHINFO|20060102,0.15,0.1,0.1,0.0,62851.65
2015-08-03,BIRLACOT,BIRLACOT|20080730,0.1,0.05,0.05,0.0,62353.35
2015-09-14,VISESHINFO,VISESHINFO|20060102,0.1,0.05,0.05,0.0,62346.15
2017-03-21,FARMAXIND,FARMAXIND|20100817,0.1,0.05,0.1,1.0,62099.95
2018-12-06,RAJRAYON,RAJRAYON|20070104,0.15,0.1,0.15,0.4999999999999998,62021.9
2016-05-20,FARMAXIND,FARMAXIND|20100817,0.1,0.15,0.15,0.0,61925.3
2019-08-19,KSERASERA,KSERASERA|20061005,0.15,0.1,0.15,0.4999999999999998,61864.95
2015-07-20,VISESHINFO,VISESHINFO|20060102,0.05,0.1,0.1,0.0,61800.6
2016-01-19,VISESHINFO,VISESHINFO|20060102,0.15,0.1,0.15,0.4999999999999998,61715.0
2019-06-10,UVSL,UVSL|20160624,0.1,0.05,0.1,1.0,61405.65
2013-07-05,BIRLACOT,BIRLACOT|20080730,0.1,0.05,0.1,1.0,61319.05
2017-06-20,VISESHINFO,VISESHINFO|20060102,0.1,0.15,0.15,0.0,60931.4
2015-08-14,VKSPL,VKSPL|20120718,0.1,0.15,0.15,0.0,60641.55
2013-05-03,BIRLACOT,BIRLACOT|20080730,0.15,0.1,0.1,0.0,60435.85
2018-12-12,RAJRAYON,RAJRAYON|20070104,0.15,0.1,0.15,0.4999999999999998,59964.5
2015-08-07,BIRLACOT,BIRLACOT|20080730,0.1,0.05,0.1,1.0,59785.1
2019-08-29,MVL,MVL|20080630,0.1,0.15,0.15,0.0,59700.25
2017-10-19,KSERASERA,KSERASERA|20061005,0.15,0.1,0.1,0.0,59615.05
2019-01-25,VISESHINFO,VISESHINFO|20060102,0.1,0.05,0.1,1.0,59545.05
2026-03-16,BHANDA-RE2,BHANDA-RE2|20260306,0.03,0.02,0.02,0.0,59312.23
2019-01-23,KSERASERA,KSERASERA|20061005,0.1,0.15,0.15,0.0,59295.15
2013-05-07,DHANUS,DHANUS|20071017,0.15,0.1,0.15,0.4999999999999998,59109.1
2016-10-03,VISESHINFO,VISESHINFO|20060102,0.15,0.1,0.1,0.0,58915.2
2020-01-06,RAJRAYON,RAJRAYON|20070104,0.05,0.1,0.1,0.0,58686.2
2015-02-04,VISESHINFO,VISESHINFO|20060102,0.1,0.15,0.15,0.0,58524.1
2018-12-14,RAJRAYON,RAJRAYON|20070104,0.15,0.1,0.15,0.4999999999999998,58418.55
2013-10-15,BIRLACOT,BIRLACOT|20080730,0.15,0.1,0.1,0.0,58347.4
2014-12-19,BIRLACOT,BIRLACOT|20080730,0.1,0.15,0.15,0.0,58268.7
2015-04-21,VISESHINFO,VISESHINFO|20060102,0.1,0.15,0.15,0.0,58199.0
2016-06-08,VISESHINFO,VISESHINFO|20060102,0.1,0.05,0.1,1.0,58023.2
2014-11-26,BIRLACOT,BIRLACOT|20080730,0.15,0.1,0.1,0.0,57938.3
2014-03-31,BIRLACOT,BIRLACOT|20080730,0.1,0.05,0.1,1.0,57929.15
2015-04-30,BIRLACOT,BIRLACOT|20080730,0.15,0.1,0.1,0.0,57891.4
2018-11-05,RAJRAYON,RAJRAYON|20070104,0.1,0.15,0.15,0.0,57755.45
2014-11-11,BIRLACOT,BIRLACOT|20080730,0.15,0.1,0.1,0.0,57677.4
2016-09-12,VISESHINFO,VISESHINFO|20060102,0.05,0.1,0.1,0.0,57585.8
2016-03-31,VISESHINFO,VISESHINFO|20060102,0.05,0.1,0.1,0.0,57514.35
2016-10-07,BIRLACOT,BIRLACOT|20080730,0.05,0.1,0.1,0.0,57482.4
2019-08-13,VISESHINFO,VISESHINFO|20060102,0.1,0.05,0.05,0.0,57451.85
2020-08-03,RAJRAYON,RAJRAYON|20070104,0.05,0.1,0.1,0.0,57333.9
2016-10-03,BIRLACOT,BIRLACOT|20080730,0.05,0.1,0.1,0.0,57292.65
2019-02-08,RAJRAYON,RAJRAYON|20070104,0.1,0.05,0.05,0.0,57111.0
2019-07-15,KSERASERA,KSERASERA|20061005,0.15,0.1,0.15,0.4999999999999998,56635.4
2013-03-11,BIRLACOT,BIRLACOT|20080730,0.1,0.15,0.15,0.0,56562.2
2013-07-23,BIRLACOT,BIRLACOT|20080730,0.15,0.1,0.1,0.0,56380.6
2013-10-23,BIRLACOT,BIRLACOT|20080730,0.1,0.15,0.15,0.0,56109.1
2013-04-22,BIRLACOT,BIRLACOT|20080730,0.1,0.15,0.15,0.0,56096.85
2019-11-04,KSERASERA,KSERASERA|20061005,0.1,0.05,0.1,1.0,55965.35
2015-05-25,BIRLACOT,BIRLACOT|20080730,0.15,0.1,0.15,0.4999999999999998,55946.2
2013-07-12,BIRLACOT,BIRLACOT|20080730,0.15,0.1,0.1,0.0,55879.35
2014-12-18,VISESHINFO,VISESHINFO|20060102,0.15,0.1,0.1,0.0,55566.7
2015-06-16,BIRLACOT,BIRLACOT|20080730,0.05,0.1,0.1,0.0,55554.0
2015-07-02,VISESHINFO,VISESHINFO|20060102,0.15,0.1,0.15,0.4999999999999998,55508.55
2014-10-20,BIRLACOT,BIRLACOT|20080730,0.15,0.1,0.15,0.4999999999999998,55323.45
2019-09-25,VISESHINFO,VISESHINFO|20060102,0.05,0.1,0.1,0.0,55162.8
2015-11-13,VISESHINFO,VISESHINFO|20060102,0.1,0.05,0.1,1.0,55025.1
2015-05-15,BIRLACOT,BIRLACOT|20080730,0.15,0.1,0.1,0.0,54715.35
2013-09-03,DHANUS,DHANUS|20071017,0.15,0.1,0.1,0.0,54611.55
2019-03-05,RAJRAYON,RAJRAYON|20070104,0.15,0.1,0.1,0.0,54506.0
2019-07-30,KSERASERA,KSERASERA|20061005,0.15,0.1,0.15,0.4999999999999998,54463.35
2013-06-20,BIRLACOT,BIRLACOT|20080730,0.15,0.1,0.1,0.0,54440.9
2023-10-12,TVVISION,TVVISION|20160915,4.05,2.55,4.05,0.5882352941176472,54423.9
2013-08-26,BIRLACOT,BIRLACOT|20080730,0.05,0.1,0.15,0.4999999999999998,53889.4
2013-06-14,BIRLACOT,BIRLACOT|20080730,0.15,0.1,0.1,0.0,53814.85
2015-07-13,VISESHINFO,VISESHINFO|20060102,0.15,0.1,0.1,0.0,53648.2
2013-02-21,BIRLACOT,BIRLACOT|20080730,0.15,0.1,0.15,0.4999999999999998,53636.95
2014-02-13,BIRLACOT,BIRLACOT|20080730,0.15,0.1,0.1,0.0,53483.1
2013-09-18,BIRLACOT,BIRLACOT|20080730,0.05,0.1,0.1,0.0,53443.45
2015-11-26,VISESHINFO,VISESHINFO|20060102,0.05,0.1,0.1,0.0,53350.85
2015-08-04,VKSPL,VKSPL|20120718,0.15,0.1,0.1,0.0,53317.5
2015-12-16,VISESHINFO,VISESHINFO|20060102,0.05,0.1,0.1,0.0,53191.55
2015-04-29,VISESHINFO,VISESHINFO|20060102,0.15,0.1,0.15,0.4999999999999998,53034.0
2019-07-22,VISESHINFO,VISESHINFO|20060102,0.05,0.1,0.1,0.0,52910.2
2020-03-04,SUJANAUNI,SUJANAUNI|20080219,0.1,0.15,0.15,0.0,52778.8
2020-03-30,SUJANAUNI,SUJANAUNI|20080219,0.1,0.15,0.15,0.0,52717.0
2020-06-01,RAJRAYON,RAJRAYON|20070104,0.1,0.05,0.1,1.0,52716.5
2013-08-12,BIRLACOT,BIRLACOT|20080730,0.05,0.1,0.1,0.0,52696.35
2013-11-13,BIRLACOT,BIRLACOT|20080730,0.15,0.1,0.15,0.4999999999999998,52378.05
2015-09-21,VKSPL,VKSPL|20120718,0.1,0.15,0.15,0.0,52367.6
2013-12-26,BIRLACOT,BIRLACOT|20080730,0.05,0.1,0.1,0.0,52072.65
2019-12-11,MVL,MVL|20080630,0.05,0.1,0.1,0.0,51851.85
2019-01-18,KSERASERA,KSERASERA|20061005,0.15,0.1,0.15,0.4999999999999998,51743.75
2015-12-08,VISESHINFO,VISESHINFO|20060102,0.05,0.1,0.1,0.0,51728.8
2015-07-22,VISESHINFO,VISESHINFO|20060102,0.05,0.1,0.1,0.0,51635.1
2016-06-27,VISESHINFO,VISESHINFO|20060102,0.05,0.1,0.1,0.0,51522.6
2018-12-24,RAJRAYON,RAJRAYON|20070104,0.15,0.1,0.15,0.4999999999999998,51415.0
2015-09-16,VKSPL,VKSPL|20120718,0.15,0.1,0.15,0.4999999999999998,51198.6
2019-08-09,KSERASERA,KSERASERA|20061005,0.15,0.1,0.1,0.0,51189.4
2020-11-13,RAJRAYON,RAJRAYON|20070104,0.1,0.15,0.15,0.0,51125.5
2015-04-15,VISESHINFO,VISESHINFO|20060102,0.15,0.1,0.15,0.4999999999999998,50964.55
2013-07-19,BIRLACOT,BIRLACOT|20080730,0.15,0.1,0.15,0.4999999999999998,50865.55
2017-02-17,VKSPL,VKSPL|20120718,0.1,0.15,0.15,0.0,50578.8
2014-02-28,BIRLACOT,BIRLACOT|20080730,0.1,0.15,0.15,0.0,50570.75
2019-10-18,KSERASERA,KSERASERA|20061005,0.05,0.1,0.1,0.0,50455.85
2019-07-22,RAJRAYON,RAJRAYON|20070104,0.1,0.05,0.05,0.0,50454.7
2016-11-09,VISESHINFO,VISESHINFO|20060102,0.15,0.1,0.15,0.4999999999999998,50431.7
2013-04-12,BIRLACOT,BIRLACOT|20080730,0.15,0.1,0.1,0.0,50403.75
2019-09-23,MVL,MVL|20080630,0.1,0.05,0.1,1.0,50373.0
2019-05-29,UVSL,UVSL|20160624,0.05,0.1,0.1,0.0,50363.95
2018-12-17,RAJRAYON,RAJRAYON|20070104,0.1,0.15,0.15,0.0,50332.05
2020-02-04,KSERASERA,KSERASERA|20061005,0.1,0.15,0.15,0.0,50308.2
2013-03-26,BIRLACOT,BIRLACOT|20080730,0.15,0.1,0.1,0.0,50109.4
2014-10-13,BIRLACOT,BIRLACOT|20080730,0.15,0.1,0.15,0.4999999999999998,49822.95
2013-05-10,BIRLACOT,BIRLACOT|20080730,0.1,0.15,0.15,0.0,49721.6
2019-01-14,VISESHINFO,VISESHINFO|20060102,0.05,0.1,0.1,0.0,49581.95
2015-07-07,BIRLACOT,BIRLACOT|20080730,0.1,0.05,0.1,1.0,49517.5
2015-04-15,BIRLACOT,BIRLACOT|20080730,0.15,0.1,0.1,0.0,49456.95
2019-06-07,RAJRAYON,RAJRAYON|20070104,0.1,0.05,0.05,0.0,49348.35
2019-06-26,VISESHINFO,VISESHINFO|20060102,0.1,0.05,0.05,0.0,49290.5
2015-03-17,BIRLACOT,BIRLACOT|20080730,0.05,0.1,0.1,0.0,49084.25
2016-07-04,FARMAXIND,FARMAXIND|20100817,0.15,0.1,0.1,0.0,49007.05
2013-05-14,BIRLACOT,BIRLACOT|20080730,0.15,0.1,0.15,0.4999999999999998,48774.65
2015-08-07,VISESHINFO,VISESHINFO|20060102,0.15,0.1,0.15,0.4999999999999998,48773.75
2014-09-30,BIRLACOT,BIRLACOT|20080730,0.15,0.1,0.15,0.4999999999999998,48766.0
2016-10-03,VKSPL,VKSPL|20120718,0.05,0.1,0.1,0.0,48714.95
2019-07-01,RAJRAYON,RAJRAYON|20070104,0.1,0.05,0.05,0.0,48664.45
2014-02-14,BIRLACOT,BIRLACOT|20080730,0.15,0.1,0.1,0.0,48146.05
2019-05-23,VISESHINFO,VISESHINFO|20060102,0.1,0.05,0.05,0.0,48039.95
2015-07-13,BIRLACOT,BIRLACOT|20080730,0.1,0.05,0.05,0.0,48028.05
2017-03-29,VKSPL,VKSPL|20120718,0.1,0.05,0.1,1.0,48001.7
2015-03-24,BIRLACOT,BIRLACOT|20080730,0.1,0.05,0.1,1.0,47968.95
2014-08-12,BIRLAPOWER,BIRLAPOWER|20070606,0.1,0.05,0.1,1.0,47793.05
2019-12-16,MVL,MVL|20080630,0.1,0.05,0.05,0.0,47548.25
2015-07-15,BIRLACOT,BIRLACOT|20080730,0.1,0.05,0.05,0.0,47532.6
2013-05-17,DHANUS,DHANUS|20071017,0.15,0.1,0.15,0.4999999999999998,47405.7
2019-06-19,KSERASERA,KSERASERA|20061005,0.15,0.1,0.1,0.0,47379.45
2016-06-22,FARMAXIND,FARMAXIND|20100817,0.15,0.1,0.1,0.0,47269.35
2018-11-06,RAJRAYON,RAJRAYON|20070104,0.1,0.15,0.15,0.0,47261.9
2017-10-16,PRAKASHSTL,PRAKASHSTL|20100825,0.1,0.15,0.2,0.3333333333333335,47113.0
2013-05-06,BIRLACOT,BIRLACOT|20080730,0.15,0.1,0.1,0.0,47023.75
2015-04-27,BIRLACOT,BIRLACOT|20080730,0.15,0.1,0.1,0.0,46860.95
2018-07-02,PRAKASHSTL,PRAKASHSTL|20100825,0.05,0.1,0.1,0.0,46671.4
2019-06-04,KSERASERA,KSERASERA|20061005,0.15,0.1,0.1,0.0,46650.4
2017-03-14,KSERASERA,KSERASERA|20061005,0.15,0.1,0.15,0.4999999999999998,46635.15
2019-08-30,KSERASERA,KSERASERA|20061005,0.15,0.1,0.1,0.0,46428.65
2019-05-23,RAJRAYON,RAJRAYON|20070104,0.05,0.1,0.1,0.0,46284.1
2015-09-15,VKSPL,VKSPL|20120718,0.15,0.1,0.1,0.0,46262.15
2018-12-04,RAJRAYON,RAJRAYON|20070104,0.1,0.15,0.15,0.0,46071.85
2019-02-01,RAJRAYON,RAJRAYON|20070104,0.15,0.1,0.1,0.0,45976.5
2019-09-03,KSERASERA,KSERASERA|20061005,0.05,0.1,0.1,0.0,45835.3
2018-02-01,FCSSOFT,FCSSOFT|20060102,0.1,0.05,0.1,1.0,45803.5
2017-01-13,BIRLACOT,BIRLACOT|20080730,0.1,0.05,0.1,1.0,45623.3
2015-02-05,BIRLACOT,BIRLACOT|20080730,0.05,0.1,0.1,0.0,45482.35
2014-04-25,BIRLACOT,BIRLACOT|20080730,0.1,0.15,0.15,0.0,45366.8
2016-10-19,VISESHINFO,VISESHINFO|20060102,0.15,0.1,0.1,0.0,45101.6
2013-12-05,BIRLACOT,BIRLACOT|20080730,0.1,0.15,0.15,0.0,44524.65
2016-09-27,BIRLACOT,BIRLACOT|20080730,0.05,0.1,0.1,0.0,44339.95
2014-02-25,BIRLACOT,BIRLACOT|20080730,0.15,0.1,0.15,0.4999999999999998,44300.4
2017-03-02,KSERASERA,KSERASERA|20061005,0.15,0.1,0.15,0.4999999999999998,44196.8
2015-01-14,BIRLACOT,BIRLACOT|20080730,0.15,0.1,0.1,0.0,44123.35
2020-01-14,RAJRAYON,RAJRAYON|20070104,0.1,0.05,0.05,0.0,43870.3
2017-06-23,VISESHINFO,VISESHINFO|20060102,0.15,0.1,0.1,0.0,43806.6
2013-10-28,BIRLACOT,BIRLACOT|20080730,0.15,0.1,0.1,0.0,43740.8
2015-12-01,VISESHINFO,VISESHINFO|20060102,0.05,0.1,0.1,0.0,43611.35
2019-06-17,KSERASERA,KSERASERA|20061005,0.15,0.1,0.1,0.0,43525.8
2019-04-01,RAJRAYON,RAJRAYON|20070104,0.1,0.05,0.05,0.0,43364.0
2019-05-24,RAJRAYON,RAJRAYON|20070104,0.05,0.1,0.1,0.0,43343.35
2019-02-27,RAJRAYON,RAJRAYON|20070104,0.1,0.05,0.1,1.0,43241.45
2019-05-10,VISESHINFO,VISESHINFO|20060102,0.1,0.05,0.05,0.0,42938.7
2019-07-12,VISESHINFO,VISESHINFO|20060102,0.1,0.05,0.05,0.0,42870.45
2015-07-21,BIRLACOT,BIRLACOT|20080730,0.1,0.05,0.05,0.0,42790.4
2016-07-14,FARMAXIND,FARMAXIND|20100817,0.15,0.1,0.1,0.0,42777.65
2019-10-17,KSERASERA,KSERASERA|20061005,0.1,0.05,0.1,1.0,42754.5
2015-07-20,VKSPL,VKSPL|20120718,0.1,0.15,0.15,0.0,42685.5
2019-09-13,VISESHINFO,VISESHINFO|20060102,0.1,0.05,0.05,0.0,42630.25
2018-10-29,RAJRAYON,RAJRAYON|20070104,0.15,0.1,0.15,0.4999999999999998,42533.9
2013-09-10,BIRLACOT,BIRLACOT|20080730,0.1,0.05,0.1,1.0,42435.95
2019-06-12,VISESHINFO,VISESHINFO|20060102,0.1,0.05,0.05,0.0,42151.3
2013-05-08,BIRLACOT,BIRLACOT|20080730,0.15,0.1,0.1,0.0,42142.4
2019-10-14,MVL,MVL|20080630,0.1,0.05,0.1,1.0,41990.35
2019-01-03,RAJRAYON,RAJRAYON|20070104,0.15,0.1,0.15,0.4999999999999998,41895.85
2015-02-10,BIRLACOT,BIRLACOT|20080730,0.1,0.05,0.05,0.0,41843.5
2019-09-12,VISESHINFO,VISESHINFO|20060102,0.1,0.05,0.05,0.0,41668.3
2019-05-29,VISESHINFO,VISESHINFO|20060102,0.1,0.05,0.1,1.0,41503.3
2018-09-27,RAJRAYON,RAJRAYON|20070104,0.15,0.1,0.15,0.4999999999999998,41500.95
2016-10-05,BIRLACOT,BIRLACOT|20080730,0.05,0.1,0.1,0.0,41444.75
2015-01-15,BIRLACOT,BIRLACOT|20080730,0.15,0.1,0.1,0.0,41413.6
2014-03-14,BIRLACOT,BIRLACOT|20080730,0.1,0.05,0.05,0.0,40647.65
2016-06-07,VISESHINFO,VISESHINFO|20060102,0.15,0.1,0.05,-0.5,40335.25
2015-03-11,VISESHINFO,VISESHINFO|20060102,0.15,0.1,0.15,0.4999999999999998,40149.05
2013-07-18,BIRLACOT,BIRLACOT|20080730,0.15,0.1,0.1,0.0,40031.6
2019-02-27,VISESHINFO,VISESHINFO|20060102,0.05,0.1,0.1,0.0,40009.3
2019-09-19,VISESHINFO,VISESHINFO|20060102,0.1,0.05,0.05,0.0,39789.55
2015-04-01,BIRLACOT,BIRLACOT|20080730,0.05,0.1,0.1,0.0,39699.9
2013-05-13,DHANUS,DHANUS|20071017,0.1,0.15,0.15,0.0,38644.45
2019-09-06,KSERASERA,KSERASERA|20061005,0.15,0.1,0.15,0.4999999999999998,38637.9
2013-10-30,BIRLACOT,BIRLACOT|20080730,0.15,0.1,0.1,0.0,38346.75
2015-08-19,VISESHINFO,VISESHINFO|20060102,0.05,0.1,0.1,0.0,38311.15
2015-10-08,VISESHINFO,VISESHINFO|20060102,0.1,0.05,0.1,1.0,37822.1
2015-05-11,VISESHINFO,VISESHINFO|20060102,0.15,0.1,0.1,0.0,37679.85
2014-01-24,BIRLACOT,BIRLACOT|20080730,0.1,0.15,0.15,0.0,37468.35
2016-10-17,VISESHINFO,VISESHINFO|20060102,0.15,0.1,0.1,0.0,37356.1
2016-12-13,BIRLACOT,BIRLACOT|20080730,0.05,0.1,0.1,0.0,37312.55
2015-02-09,VISESHINFO,VISESHINFO|20060102,0.1,0.15,0.15,0.0,37218.0
2016-04-11,VISESHINFO,VISESHINFO|20060102,0.05,0.1,0.1,0.0,36874.95
2013-11-06,BIRLACOT,BIRLACOT|20080730,0.15,0.1,0.15,0.4999999999999998,36765.35
2019-01-29,RAJRAYON,RAJRAYON|20070104,0.15,0.1,0.1,0.0,36593.6
2015-08-21,VISESHINFO,VISESHINFO|20060102,0.1,0.05,0.1,1.0,36593.5
2014-02-11,BIRLACOT,BIRLACOT|20080730,0.15,0.1,0.1,0.0,36529.65
2015-06-23,VISESHINFO,VISESHINFO|20060102,0.15,0.1,0.1,0.0,36413.8
2014-03-04,BIRLACOT,BIRLACOT|20080730,0.15,0.1,0.1,0.0,36373.5
2019-06-14,VISESHINFO,VISESHINFO|20060102,0.1,0.05,0.1,1.0,36273.95
2013-07-30,BIRLACOT,BIRLACOT|20080730,0.15,0.1,0.1,0.0,36194.8
2013-05-09,BIRLACOT,BIRLACOT|20080730,0.15,0.1,0.15,0.4999999999999998,36118.0
2016-06-17,BIRLACOT,BIRLACOT|20080730,0.05,0.1,0.1,0.0,36073.45
2015-10-16,VISESHINFO,VISESHINFO|20060102,0.1,0.05,0.1,1.0,35990.35
2014-08-20,BIRLAPOWER,BIRLAPOWER|20070606,0.15,0.1,0.1,0.0,35925.1
2016-07-26,VKSPL,VKSPL|20120718,0.15,0.1,0.1,0.0,35833.75
2014-10-17,BIRLACOT,BIRLACOT|20080730,0.15,0.1,0.1,0.0,35724.0
2016-09-29,FARMAXIND,FARMAXIND|20100817,0.05,0.1,0.1,0.0,35630.35
2019-02-14,VISESHINFO,VISESHINFO|20060102,0.05,0.1,0.1,0.0,35619.15
2016-08-03,VKSPL,VKSPL|20120718,0.1,0.15,0.15,0.0,35421.9
2016-08-04,VKSPL,VKSPL|20120718,0.1,0.15,0.15,0.0,35306.3
2015-01-12,VISESHINFO,VISESHINFO|20060102,0.15,0.1,0.1,0.0,35194.1
2019-08-13,KSERASERA,KSERASERA|20061005,0.15,0.1,0.1,0.0,34946.65
2019-09-06,VISESHINFO,VISESHINFO|20060102,0.1,0.05,0.1,1.0,34931.25
2019-11-14,MVL,MVL|20080630,0.1,0.05,0.1,1.0,34911.5
2014-02-03,BIRLACOT,BIRLACOT|20080730,0.15,0.1,0.1,0.0,34737.5
2020-02-05,RAJRAYON,RAJRAYON|20070104,0.1,0.05,0.05,0.0,34698.25
2014-01-08,BIRLACOT,BIRLACOT|20080730,0.15,0.1,0.1,0.0,34520.85
2019-09-30,MVL,MVL|20080630,0.1,0.05,0.1,1.0,34203.0
2013-11-25,BIRLACOT,BIRLACOT|20080730,0.1,0.15,0.15,0.0,33909.4
2020-02-18,KSERASERA,KSERASERA|20061005,0.05,0.1,0.15,0.4999999999999998,33876.5
2019-01-10,RAJRAYON,RAJRAYON|20070104,0.15,0.1,0.1,0.0,33712.05
2015-08-31,VISESHINFO,VISESHINFO|20060102,0.1,0.05,0.1,1.0,33672.6
2014-04-15,BIRLACOT,BIRLACOT|20080730,0.1,0.15,0.15,0.0,33570.55
2016-08-01,VKSPL,VKSPL|20120718,0.1,0.15,0.15,0.0,32935.65
2013-07-26,BIRLACOT,BIRLACOT|20080730,0.15,0.1,0.1,0.0,32779.55
2020-01-27,RAJRAYON,RAJRAYON|20070104,0.1,0.05,0.1,1.0,32708.7
2018-10-11,RAJRAYON,RAJRAYON|20070104,0.1,0.15,0.15,0.0,32699.35
2016-06-02,VISESHINFO,VISESHINFO|20060102,0.15,0.1,0.15,0.4999999999999998,32677.2
2014-04-04,BIRLACOT,BIRLACOT|20080730,0.15,0.1,0.15,0.4999999999999998,32629.4
2015-08-14,VISESHINFO,VISESHINFO|20060102,0.15,0.1,0.1,0.0,32582.95
2014-01-01,BIRLACOT,BIRLACOT|20080730,0.15,0.1,0.1,0.0,32564.6
2017-06-16,KSERASERA,KSERASERA|20061005,0.1,0.15,0.15,0.0,32343.3
2019-10-09,SRSLTD,SRSLTD|20110916,0.15,0.1,0.15,0.4999999999999998,32182.05
2020-03-13,LICNETFSEN,LICNETFSEN|20160803,305.02,454.0,411.65,-0.09328193832599119,32024.31
2025-05-07,GATECH-RE1,GATECH-RE1|20250506,0.03,0.02,0.03,0.5,31932.12
2013-10-18,BIRLACOT,BIRLACOT|20080730,0.15,0.1,0.15,0.4999999999999998,31887.5
2014-12-11,VISESHINFO,VISESHINFO|20060102,0.1,0.15,0.15,0.0,31885.6
2015-04-28,BIRLACOT,BIRLACOT|20080730,0.15,0.1,0.1,0.0,31803.4
2016-06-14,VISESHINFO,VISESHINFO|20060102,0.1,0.05,0.1,1.0,31737.4
2016-09-06,VISESHINFO,VISESHINFO|20060102,0.05,0.1,0.1,0.0,31677.75
2019-11-25,SUJANAUNI,SUJANAUNI|20080219,0.1,0.15,0.15,0.0,31310.9
2019-10-03,MVL,MVL|20080630,0.05,0.1,0.1,0.0,31223.0
2015-05-14,VISESHINFO,VISESHINFO|20060102,0.15,0.1,0.1,0.0,31160.0
2016-03-11,VISESHINFO,VISESHINFO|20060102,0.1,0.05,0.1,1.0,31145.15
2013-05-09,DHANUS,DHANUS|20071017,0.1,0.15,0.15,0.0,31134.2
2020-03-16,SUJANAUNI,SUJANAUNI|20080219,0.1,0.15,0.15,0.0,31120.4
2015-07-09,VISESHINFO,VISESHINFO|20060102,0.15,0.1,0.15,0.4999999999999998,31028.35
2020-11-02,RAJRAYON,RAJRAYON|20070104,0.15,0.1,0.15,0.4999999999999998,30973.25
2014-11-27,BIRLACOT,BIRLACOT|20080730,0.15,0.1,0.1,0.0,30962.75
2015-04-17,BIRLACOT,BIRLACOT|20080730,0.15,0.1,0.1,0.0,30961.7
2017-02-28,KSERASERA,KSERASERA|20061005,0.1,0.15,0.15,0.0,30791.55
2017-03-27,VKSPL,VKSPL|20120718,0.1,0.05,0.1,1.0,30604.85
2019-10-18,MVL,MVL|20080630,0.05,0.1,0.1,0.0,30486.0
2019-07-17,RAJRAYON,RAJRAYON|20070104,0.1,0.05,0.05,0.0,30349.05
2017-01-12,BIRLACOT,BIRLACOT|20080730,0.1,0.05,0.05,0.0,30204.85
2016-11-22,FARMAXIND,FARMAXIND|20100817,0.15,0.1,0.15,0.4999999999999998,30150.0
2013-07-29,BIRLACOT,BIRLACOT|20080730,0.15,0.1,0.1,0.0,30050.9
2017-03-17,KSERASERA,KSERASERA|20061005,0.1,0.15,0.15,0.0,30046.95
2016-04-22,VISESHINFO,VISESHINFO|20060102,0.05,0.1,0.1,0.0,29950.6
2026-08-28,KSHITIJ-RE,KSHITIJ-RE|20260827,0.03,0.02,0.03,0.5,29922.93
2019-11-11,MVL,MVL|20080630,0.05,0.1,0.1,0.0,29830.45
2016-04-18,VISESHINFO,VISESHINFO|20060102,0.05,0.1,0.1,0.0,29757.75
2017-03-20,KSERASERA,KSERASERA|20061005,0.1,0.15,0.15,0.0,29640.2
2015-07-22,BIRLACOT,BIRLACOT|20080730,0.1,0.05,0.1,1.0,29629.0
2015-07-30,BIRLACOT,BIRLACOT|20080730,0.1,0.05,0.1,1.0,29497.85
2020-01-07,RAJRAYON,RAJRAYON|20070104,0.05,0.1,0.1,0.0,29491.6
2015-11-09,FARMAXIND,FARMAXIND|20100817,0.1,0.15,0.15,0.0,29337.8
2015-08-24,VISESHINFO,VISESHINFO|20060102,0.05,0.1,0.1,0.0,29308.75
2015-12-02,FARMAXIND,FARMAXIND|20100817,0.1,0.15,0.2,0.3333333333333335,29269.75
2019-11-11,KSERASERA,KSERASERA|20061005,0.05,0.1,0.1,0.0,29261.35
2014-10-16,BIRLACOT,BIRLACOT|20080730,0.15,0.1,0.1,0.0,29148.85
2017-01-16,VKSPL,VKSPL|20120718,0.1,0.15,0.15,0.0,29081.75
2017-02-27,KSERASERA,KSERASERA|20061005,0.1,0.15,0.15,0.0,28980.1
2015-08-25,VKSPL,VKSPL|20120718,0.15,0.1,0.15,0.4999999999999998,28834.3
2019-09-18,SUJANAUNI,SUJANAUNI|20080219,0.1,0.15,0.2,0.3333333333333335,28761.75
2020-01-02,RAJRAYON,RAJRAYON|20070104,0.1,0.05,0.05,0.0,28409.45
2019-06-19,RAJRAYON,RAJRAYON|20070104,0.1,0.05,0.05,0.0,28397.15
2019-11-08,KSERASERA,KSERASERA|20061005,0.05,0.1,0.1,0.0,28346.1
2014-02-18,BIRLACOT,BIRLACOT|20080730,0.15,0.1,0.1,0.0,28234.65
2019-07-10,VISESHINFO,VISESHINFO|20060102,0.1,0.05,0.05,0.0,28163.5
2014-02-26,BIRLACOT,BIRLACOT|20080730,0.1,0.15,0.15,0.0,28124.3
2015-05-18,SURYAPHARM,SURYAPHARM|20060102,0.15,0.1,0.1,0.0,27959.15
2016-06-24,FARMAXIND,FARMAXIND|20100817,0.1,0.15,0.15,0.0,27955.05
2019-09-16,KSERASERA,KSERASERA|20061005,0.15,0.1,0.15,0.4999999999999998,27721.25
2020-02-12,SUJANAUNI,SUJANAUNI|20080219,0.15,0.1,0.15,0.4999999999999998,27696.8
2013-08-05,DHANUS,DHANUS|20071017,0.15,0.1,0.15,0.4999999999999998,27603.1
2019-02-13,VISESHINFO,VISESHINFO|20060102,0.05,0.1,0.1,0.0,27478.75
2016-05-18,VISESHINFO,VISESHINFO|20060102,0.1,0.05,0.1,1.0,27360.8
2020-01-31,SUJANAUNI,SUJANAUNI|20080219,0.1,0.15,0.15,0.0,27336.7
2014-02-24,BIRLACOT,BIRLACOT|20080730,0.15,0.1,0.1,0.0,27207.75
2019-10-24,SMPL,SMPL|20100309,0.15,0.1,0.1,0.0,27197.0
2017-01-04,BIRLACOT,BIRLACOT|20080730,0.05,0.1,0.1,0.0,27180.5
2016-03-02,VISESHINFO,VISESHINFO|20060102,0.05,0.1,0.1,0.0,27170.4
2015-02-27,VISESHINFO,VISESHINFO|20060102,0.15,0.1,0.1,0.0,27156.1
2017-05-02,FARMAXIND,FARMAXIND|20100817,0.1,0.05,0.05,0.0,27100.25
2017-02-16,VKSPL,VKSPL|20120718,0.1,0.15,0.15,0.0,27074.1
2019-03-08,RAJRAYON,RAJRAYON|20070104,0.05,0.1,0.1,0.0,27001.75
2015-01-08,BIRLACOT,BIRLACOT|20080730,0.15,0.1,0.1,0.0,26861.25
2015-02-28,VISESHINFO,VISESHINFO|20060102,0.15,0.1,0.15,0.4999999999999998,26727.05
2013-04-15,BIRLACOT,BIRLACOT|20080730,0.15,0.1,0.1,0.0,26581.75
2017-04-12,FARMAXIND,FARMAXIND|20100817,0.15,0.1,0.1,0.0,26536.1
2013-06-25,DHANUS,DHANUS|20071017,0.05,0.1,0.1,0.0,26524.9
2014-01-13,BIRLACOT,BIRLACOT|20080730,0.15,0.1,0.1,0.0,26479.45
2017-03-07,KSERASERA,KSERASERA|20061005,0.1,0.15,0.15,0.0,26362.95
2013-06-26,DHANUS,DHANUS|20071017,0.15,0.1,0.1,0.0,26335.65
2019-12-10,MVL,MVL|20080630,0.05,0.1,0.1,0.0,26215.95
2019-09-18,MVL,MVL|20080630,0.05,0.1,0.1,0.0,26112.05
2019-12-31,MVL,MVL|20080630,0.15,0.1,0.1,0.0,26010.25
2013-04-30,BIRLACOT,BIRLACOT|20080730,0.15,0.1,0.15,0.4999999999999998,26006.95
2020-04-03,SUJANAUNI,SUJANAUNI|20080219,0.15,0.1,0.15,0.4999999999999998,25981.7
2013-04-26,BIRLACOT,BIRLACOT|20080730,0.1,0.15,0.15,0.0,25878.9
2019-12-23,KSERASERA,KSERASERA|20061005,0.1,0.15,0.15,0.0,25648.85
2016-05-19,VISESHINFO,VISESHINFO|20060102,0.05,0.1,0.1,0.0,25644.5
2014-01-14,BIRLACOT,BIRLACOT|20080730,0.15,0.1,0.1,0.0,25502.95
2013-07-01,DHANUS,DHANUS|20071017,0.15,0.1,0.1,0.0,25280.05
2019-08-02,KSERASERA,KSERASERA|20061005,0.15,0.1,0.15,0.4999999999999998,24997.7
2015-05-29,ANTGRAPHIC,ANTGRAPHIC|20060102,0.15,0.1,0.1,0.0,24924.05
2013-04-05,BIRLACOT,BIRLACOT|20080730,0.15,0.1,0.15,0.4999999999999998,24920.15
2016-07-27,VKSPL,VKSPL|20120718,0.15,0.1,0.15,0.4999999999999998,24811.25
2013-12-13,BIRLACOT,BIRLACOT|20080730,0.15,0.1,0.1,0.0,24740.05
2019-01-24,RAJRAYON,RAJRAYON|20070104,0.15,0.1,0.1,0.0,24525.45
2017-04-13,FARMAXIND,FARMAXIND|20100817,0.05,0.1,0.1,0.0,24518.05
2016-05-26,VISESHINFO,VISESHINFO|20060102,0.05,0.1,0.1,0.0,24407.05
2016-09-28,VKSPL,VKSPL|20120718,0.05,0.1,0.1,0.0,24337.05
2015-06-01,SURYAPHARM,SURYAPHARM|20060102,0.1,0.15,0.15,0.0,24123.8
2016-08-25,VKSPL,VKSPL|20120718,0.1,0.05,0.1,1.0,24055.15
2020-03-18,SUJANAUNI,SUJANAUNI|20080219,0.1,0.15,0.15,0.0,23843.15
2013-09-12,DHANUS,DHANUS|20071017,0.05,0.1,0.1,0.0,23824.9
2025-06-26,CAPTRU-RE,CAPTRU-RE|20250625,0.03,0.02,0.03,0.5,23721.51
2015-11-11,FARMAXIND,FARMAXIND|20100817,0.1,0.15,0.15,0.0,23661.3
2019-06-13,RAJRAYON,RAJRAYON|20070104,0.05,0.1,0.1,0.0,23612.95
2014-08-19,BIRLAPOWER,BIRLAPOWER|20070606,0.05,0.1,0.1,0.0,23575.75
2013-05-20,DHANUS,DHANUS|20071017,0.1,0.15,0.15,0.0,23548.1
2019-10-22,MVL,MVL|20080630,0.05,0.1,0.1,0.0,23298.25
2020-02-10,SUJANAUNI,SUJANAUNI|20080219,0.15,0.1,0.15,0.4999999999999998,23059.2
2013-10-14,BIRLACOT,BIRLACOT|20080730,0.15,0.1,0.1,0.0,22989.85
2019-10-04,MVL,MVL|20080630,0.05,0.1,0.1,0.0,22862.0
2016-06-28,FARMAXIND,FARMAXIND|20100817,0.15,0.1,0.15,0.4999999999999998,22814.45
2020-10-19,RAJRAYON,RAJRAYON|20070104,0.1,0.15,0.15,0.0,22770.65
2013-04-26,DHANUS,DHANUS|20071017,0.1,0.15,0.15,0.0,22710.4
2020-03-19,SUJANAUNI,SUJANAUNI|20080219,0.1,0.15,0.15,0.0,22649.75
2015-08-04,BIRLACOT,BIRLACOT|20080730,0.1,0.05,0.1,1.0,22460.45
2013-10-07,BIRLACOT,BIRLACOT|20080730,0.15,0.1,0.15,0.4999999999999998,22377.65
2019-10-14,KSERASERA,KSERASERA|20061005,0.05,0.1,0.1,0.0,22190.15
2016-05-25,VISESHINFO,VISESHINFO|20060102,0.05,0.1,0.1,0.0,22116.95
2017-03-21,VKSPL,VKSPL|20120718,0.15,0.1,0.1,0.0,22103.0
2019-11-20,MVL,MVL|20080630,0.05,0.1,0.1,0.0,21993.7
2013-07-02,DHANUS,DHANUS|20071017,0.05,0.1,0.1,0.0,21709.9
2013-11-12,BIRLACOT,BIRLACOT|20080730,0.15,0.1,0.1,0.0,21707.2
2019-12-20,MVL,MVL|20080630,0.1,0.05,0.1,1.0,21464.4
2020-01-20,RAJRAYON,RAJRAYON|20070104,0.05,0.1,0.1,0.0,21441.3
2013-06-03,BIRLACOT,BIRLACOT|20080730,0.15,0.1,0.1,0.0,21346.85
2020-01-08,MVL,MVL|20080630,0.05,0.1,0.1,0.0,21338.0
2015-06-29,VKSPL,VKSPL|20120718,0.1,0.15,0.15,0.0,21282.45
2019-11-01,MVL,MVL|20080630,0.1,0.05,0.1,1.0,21189.45
2016-05-25,FARMAXIND,FARMAXIND|20100817,0.1,0.15,0.15,0.0,21127.85
2017-03-14,VKSPL,VKSPL|20120718,0.15,0.1,0.1,0.0,21044.1
2019-01-07,RAJRAYON,RAJRAYON|20070104,0.1,0.15,0.15,0.0,21030.0
2016-09-14,FARMAXIND,FARMAXIND|20100817,0.1,0.15,0.15,0.0,21000.3
2020-01-20,SUJANAUNI,SUJANAUNI|20080219,0.1,0.15,0.15,0.0,20901.7
2013-06-07,DHANUS,DHANUS|20071017,0.1,0.15,0.15,0.0,20878.25
2020-04-07,RAJRAYON,RAJRAYON|20070104,0.1,0.05,0.05,0.0,20801.45
2014-01-27,BIRLACOT,BIRLACOT|20080730,0.1,0.15,0.15,0.0,20762.1
2015-11-03,ANTGRAPHIC,ANTGRAPHIC|20060102,0.1,0.15,0.15,0.0,20759.65
2017-03-20,VKSPL,VKSPL|20120718,0.15,0.1,0.1,0.0,20719.15
2016-03-21,VISESHINFO,VISESHINFO|20060102,0.05,0.1,0.1,0.0,20568.75
2016-06-15,FARMAXIND,FARMAXIND|20100817,0.15,0.1,0.15,0.4999999999999998,20453.9
2015-09-29,VISESHINFO,VISESHINFO|20060102,0.1,0.05,0.1,1.0,20287.15
2016-10-06,BIRLACOT,BIRLACOT|20080730,0.05,0.1,0.1,0.0,20262.55
2020-10-12,RAJRAYON,RAJRAYON|20070104,0.15,0.1,0.15,0.4999999999999998,20208.9
2019-09-25,MVL,MVL|20080630,0.05,0.1,0.1,0.0,20167.6
2015-07-29,VKSPL,VKSPL|20120718,0.1,0.15,0.15,0.0,20160.65
2019-11-04,SMPL,SMPL|20100309,0.15,0.1,0.15,0.4999999999999998,19914.5
2014-02-20,BIRLACOT,BIRLACOT|20080730,0.15,0.1,0.1,0.0,19913.7
2016-08-18,VKSPL,VKSPL|20120718,0.05,0.1,0.1,0.0,19813.75
2017-02-21,KSERASERA,KSERASERA|20061005,0.15,0.1,0.15,0.4999999999999998,19666.0
2017-02-02,FARMAXIND,FARMAXIND|20100817,0.15,0.1,0.15,0.4999999999999998,19636.95
2019-05-28,RAJRAYON,RAJRAYON|20070104,0.1,0.05,0.05,0.0,19615.15
2016-12-01,VKSPL,VKSPL|20120718,0.05,0.1,0.1,0.0,19435.7
2017-03-16,VKSPL,VKSPL|20120718,0.15,0.1,0.1,0.0,19429.9
2015-09-03,VISESHINFO,VISESHINFO|20060102,0.05,0.1,0.1,0.0,19345.45
2019-10-22,SUJANAUNI,SUJANAUNI|20080219,0.1,0.15,0.15,0.0,19310.75
2019-10-31,SUJANAUNI,SUJANAUNI|20080219,0.1,0.15,0.2,0.3333333333333335,19209.45
2019-09-11,SUJANAUNI,SUJANAUNI|20080219,0.1,0.15,0.15,0.0,19177.8
2019-10-23,MVL,MVL|20080630,0.05,0.1,0.1,0.0,19151.7
2013-07-23,DHANUS,DHANUS|20071017,0.1,0.15,0.15,0.0,18818.15
2016-05-13,FARMAXIND,FARMAXIND|20100817,0.15,0.1,0.15,0.4999999999999998,18695.25
2015-08-31,VKSPL,VKSPL|20120718,0.15,0.1,0.1,0.0,18338.7
2016-09-07,VISESHINFO,VISESHINFO|20060102,0.05,0.1,0.1,0.0,18296.65
2019-06-21,RAJRAYON,RAJRAYON|20070104,0.1,0.05,0.1,1.0,18008.6
2016-06-07,FARMAXIND,FARMAXIND|20100817,0.15,0.1,0.15,0.4999999999999998,17825.75
2013-11-20,BIRLACOT,BIRLACOT|20080730,0.15,0.1,0.1,0.0,17801.05
2016-09-02,VISESHINFO,VISESHINFO|20060102,0.05,0.1,0.1,0.0,17617.1
2015-12-29,VKSPL,VKSPL|20120718,0.15,0.1,0.15,0.4999999999999998,17475.0
2018-12-19,RAJRAYON,RAJRAYON|20070104,0.1,0.15,0.15,0.0,17460.75
2017-03-06,VKSPL,VKSPL|20120718,0.1,0.15,0.15,0.0,17401.5
2016-02-01,VKSPL,VKSPL|20120718,0.15,0.1,0.1,0.0,17355.0
2016-04-27,VISESHINFO,VISESHINFO|20060102,0.1,0.05,0.1,1.0,17277.05
2015-10-06,VISESHINFO,VISESHINFO|20060102,0.05,0.1,0.1,0.0,17203.65
2017-03-09,VKSPL,VKSPL|20120718,0.15,0.1,0.15,0.4999999999999998,17105.7
2020-02-14,SUJANAUNI,SUJANAUNI|20080219,0.15,0.1,0.15,0.4999999999999998,16953.85
2016-09-08,VKSPL,VKSPL|20120718,0.05,0.1,0.1,0.0,16925.05
2016-07-28,VKSPL,VKSPL|20120718,0.1,0.15,0.15,0.0,16901.0
2013-04-10,BIRLACOT,BIRLACOT|20080730,0.1,0.15,0.15,0.0,16739.0
2015-06-01,ANTGRAPHIC,ANTGRAPHIC|20060102,0.15,0.1,0.15,0.4999999999999998,16665.5
2013-08-08,BIRLACOT,BIRLACOT|20080730,0.05,0.1,0.1,0.0,16532.2
2016-08-30,VISESHINFO,VISESHINFO|20060102,0.05,0.1,0.1,0.0,16470.7
2016-04-06,VKSPL,VKSPL|20120718,0.1,0.05,0.05,0.0,16447.0
2015-09-24,VKSPL,VKSPL|20120718,0.1,0.15,0.15,0.0,16420.25
2014-12-08,BIRLAPOWER,BIRLAPOWER|20070606,0.05,0.1,0.1,0.0,16408.8
2016-11-11,VISESHINFO,VISESHINFO|20060102,0.1,0.15,0.15,0.0,16402.0
2019-03-15,RAJRAYON,RAJRAYON|20070104,0.1,0.05,0.1,1.0,16298.05
2016-06-30,VKSPL,VKSPL|20120718,0.1,0.05,0.1,1.0,16210.0
2015-03-19,VISESHINFO,VISESHINFO|20060102,0.15,0.1,0.1,0.0,16111.05
2016-11-17,FARMAXIND,FARMAXIND|20100817,0.15,0.1,0.15,0.4999999999999998,16065.0
2020-01-16,SUJANAUNI,SUJANAUNI|20080219,0.15,0.1,0.1,0.0,16059.25
2016-12-27,VKSPL,VKSPL|20120718,0.1,0.15,0.15,0.0,16000.15
2014-08-04,BIRLAPOWER,BIRLAPOWER|20070606,0.1,0.15,0.2,0.3333333333333335,15888.15
2019-09-16,MVL,MVL|20080630,0.05,0.1,0.1,0.0,15885.45
2013-06-04,BIRLACOT,BIRLACOT|20080730,0.15,0.1,0.1,0.0,15817.15
2016-12-09,FARMAXIND,FARMAXIND|20100817,0.15,0.1,0.1,0.0,15531.5
2020-03-20,SUJANAUNI,SUJANAUNI|20080219,0.1,0.15,0.15,0.0,15505.25
2016-11-08,FARMAXIND,FARMAXIND|20100817,0.15,0.1,0.15,0.4999999999999998,15165.15
2019-02-06,RAJRAYON,RAJRAYON|20070104,0.05,0.1,0.1,0.0,15031.0
2020-02-04,RAJRAYON,RAJRAYON|20070104,0.1,0.05,0.05,0.0,14929.85
2020-03-23,SHARIABEES,SHARIABEES|20090401,157.95,225.0,220.23,-0.021199999999999997,14721.68
2013-06-05,BIRLACOT,BIRLACOT|20080730,0.15,0.1,0.1,0.0,14588.6
2013-03-15,BIRLACOT,BIRLACOT|20080730,0.1,0.15,0.15,0.0,14582.85
2020-01-28,RAJRAYON,RAJRAYON|20070104,0.05,0.1,0.1,0.0,14502.9
2019-12-17,MVL,MVL|20080630,0.1,0.05,0.1,1.0,14425.5
2016-08-02,VKSPL,VKSPL|20120718,0.1,0.15,0.15,0.0,14393.2
2018-12-27,RAJRAYON,RAJRAYON|20070104,0.15,0.1,0.1,0.0,14386.2
2015-07-14,VKSPL,VKSPL|20120718,0.1,0.15,0.15,0.0,14160.9
2020-01-13,RAJRAYON,RAJRAYON|20070104,0.1,0.05,0.05,0.0,14111.1
2013-06-05,DHANUS,DHANUS|20071017,0.15,0.1,0.15,0.4999999999999998,14074.0
2017-01-10,VKSPL,VKSPL|20120718,0.15,0.1,0.15,0.4999999999999998,13888.55
2017-03-29,FARMAXIND,FARMAXIND|20100817,0.1,0.05,0.05,0.0,13726.55
2016-03-04,VISESHINFO,VISESHINFO|20060102,0.1,0.05,0.1,1.0,13656.1
2017-12-11,SPCENET,SPCENET|20170110,0.05,0.1,0.15,0.4999999999999998,13621.7
2015-03-26,ANTGRAPHIC,ANTGRAPHIC|20060102,0.05,0.1,0.15,0.4999999999999998,13536.8
2016-05-31,FARMAXIND,FARMAXIND|20100817,0.1,0.15,0.15,0.0,13491.5
2020-02-19,SUJANAUNI,SUJANAUNI|20080219,0.15,0.1,0.15,0.4999999999999998,13408.9
2015-06-01,VISESHINFO,VISESHINFO|20060102,0.15,0.1,0.1,0.0,13318.2
2015-07-22,VKSPL,VKSPL|20120718,0.15,0.1,0.15,0.4999999999999998,13263.5
2016-09-29,VKSPL,VKSPL|20120718,0.05,0.1,0.1,0.0,13185.0
2016-09-14,VKSPL,VKSPL|20120718,0.1,0.05,0.05,0.0,13140.55
2015-10-29,VISESHINFO,VISESHINFO|20060102,0.05,0.1,0.1,0.0,13095.45
2015-03-30,SURYAPHARM,SURYAPHARM|20060102,0.1,0.15,0.15,0.0,13077.05
2015-01-07,BIRLACOT,BIRLACOT|20080730,0.15,0.1,0.1,0.0,13054.0
2018-10-25,RAJRAYON,RAJRAYON|20070104,0.15,0.1,0.15,0.4999999999999998,13009.05
2015-12-03,VISESHINFO,VISESHINFO|20060102,0.05,0.1,0.1,0.0,12994.05
2020-02-26,SMPL,SMPL|20100309,0.15,0.1,0.15,0.4999999999999998,12913.45
2020-03-23,SUJANAUNI,SUJANAUNI|20080219,0.1,0.15,0.15,0.0,12906.95
2013-06-11,DHANUS,DHANUS|20071017,0.15,0.1,0.15,0.4999999999999998,12716.6
2019-08-30,SUJANAUNI,SUJANAUNI|20080219,0.15,0.1,0.1,0.0,12567.0
2020-03-24,ABSLBANETF,ABSLBANETF|20191030,170.0,240.0,197.51,-0.17704166666666665,12546.07
2016-01-15,ISENSEX,SENSEXIETF|20140730,212.0,303.0,260.0,-0.14191419141914197,12502.23
2018-08-06,PRAKASHSTL,PRAKASHSTL|20100825,0.05,0.1,0.15,0.4999999999999998,12400.85
2016-09-20,VISESHINFO,VISESHINFO|20060102,0.05,0.1,0.1,0.0,12153.2
2015-11-17,VISESHINFO,VISESHINFO|20060102,0.05,0.1,0.1,0.0,12135.2
2019-10-24,MVL,MVL|20080630,0.05,0.1,0.1,0.0,12037.7
2016-10-18,FARMAXIND,FARMAXIND|20100817,0.15,0.1,0.1,0.0,11960.45
2015-10-12,VKSPL,VKSPL|20120718,0.1,0.15,0.15,0.0,11897.65
2015-09-08,VISESHINFO,VISESHINFO|20060102,0.1,0.05,0.1,1.0,11702.15
2016-10-14,VKSPL,VKSPL|20120718,0.1,0.05,0.1,1.0,11530.8
2017-04-06,VKSPL,VKSPL|20120718,0.1,0.05,0.05,0.0,11519.0
2015-03-02,BIRLAPOWER,BIRLAPOWER|20070606,0.05,0.1,0.1,0.0,11374.2
2019-09-05,MVL,MVL|20080630,0.05,0.1,0.1,0.0,11320.65
2016-05-26,FARMAXIND,FARMAXIND|20100817,0.1,0.15,0.15,0.0,11186.95
2019-03-14,RAJRAYON,RAJRAYON|20070104,0.1,0.05,0.05,0.0,10995.35
2017-02-07,FARMAXIND,FARMAXIND|20100817,0.1,0.15,0.15,0.0,10910.0
2016-08-25,FARMAXIND,FARMAXIND|20100817,0.1,0.15,0.15,0.0,10819.05
2017-03-31,FARMAXIND,FARMAXIND|20100817,0.1,0.05,0.1,1.0,10759.95
2017-01-23,VKSPL,VKSPL|20120718,0.1,0.15,0.15,0.0,10627.6
2016-02-15,VKSPL,VKSPL|20120718,0.15,0.1,0.1,0.0,10555.75
2019-09-26,MVL,MVL|20080630,0.05,0.1,0.1,0.0,10515.25
2016-09-22,VKSPL,VKSPL|20120718,0.05,0.1,0.1,0.0,10423.45
2016-09-16,VKSPL,VKSPL|20120718,0.05,0.1,0.1,0.0,10346.6
2020-01-10,RAJRAYON,RAJRAYON|20070104,0.1,0.05,0.05,0.0,10289.75
2016-01-13,VKSPL,VKSPL|20120718,0.15,0.1,0.15,0.4999999999999998,10275.0
2016-10-06,VKSPL,VKSPL|20120718,0.1,0.05,0.1,1.0,10234.8
2013-01-28,RAIREKMOH,MOHOTAIND|20110713,74.5,169.5,81.95,-0.516519174041298,10127.0
2018-05-21,AUSTRAL,AUSTRAL|20080904,0.1,0.15,0.2,0.3333333333333335,10116.65
2017-01-27,BIRLACOT,BIRLACOT|20080730,0.05,0.1,0.1,0.0,9949.95
2016-05-24,FARMAXIND,FARMAXIND|20100817,0.1,0.15,0.15,0.0,9847.5
2018-12-17,NAKODA,NAKODA|20130314,0.1,0.15,0.15,0.0,9839.2
2019-02-15,RAJRAYON,RAJRAYON|20070104,0.1,0.05,0.1,1.0,9820.2
2015-02-10,VISESHINFO,VISESHINFO|20060102,0.1,0.15,0.15,0.0,9781.5
2016-12-28,VKSPL,VKSPL|20120718,0.1,0.15,0.15,0.0,9770.2
2017-01-13,VKSPL,VKSPL|20120718,0.15,0.1,0.15,0.4999999999999998,9714.45
2015-09-22,VKSPL,VKSPL|20120718,0.1,0.15,0.15,0.0,9690.95
2016-05-09,VISESHINFO,VISESHINFO|20060102,0.05,0.1,0.1,0.0,9531.75
2019-08-01,KSERASERA,KSERASERA|20061005,0.15,0.1,0.1,0.0,9434.9
2019-01-04,RAJRAYON,RAJRAYON|20070104,0.1,0.15,0.15,0.0,9377.5
2017-03-06,KSERASERA,KSERASERA|20061005,0.1,0.15,0.15,0.0,9262.65
2015-09-01,VISESHINFO,VISESHINFO|20060102,0.05,0.1,0.1,0.0,9212.8
2016-08-31,VISESHINFO,VISESHINFO|20060102,0.05,0.1,0.1,0.0,9090.25
2016-09-20,VKSPL,VKSPL|20120718,0.05,0.1,0.1,0.0,9073.85
2019-03-25,RAJRAYON,RAJRAYON|20070104,0.1,0.05,0.1,1.0,8975.85
2020-01-30,RAJRAYON,RAJRAYON|20070104,0.05,0.1,0.1,0.0,8956.55
2020-01-02,SUJANAUNI,SUJANAUNI|20080219,0.1,0.15,0.2,0.3333333333333335,8637.5
2020-01-21,RAJRAYON,RAJRAYON|20070104,0.05,0.1,0.1,0.0,8616.25
2016-09-26,VKSPL,VKSPL|20120718,0.05,0.1,0.1,0.0,8610.0
2015-10-29,ANTGRAPHIC,ANTGRAPHIC|20060102,0.15,0.1,0.15,0.4999999999999998,8607.75
2018-10-12,RAJRAYON,RAJRAYON|20070104,0.1,0.15,0.15,0.0,8502.5
2020-11-04,RAJRAYON,RAJRAYON|20070104,0.1,0.15,0.15,0.0,8300.15
2014-08-13,BIRLAPOWER,BIRLAPOWER|20070606,0.05,0.1,0.1,0.0,8207.25
2020-01-07,MVL,MVL|20080630,0.05,0.1,0.1,0.0,8168.0
2018-12-10,NAKODA,NAKODA|20130314,0.15,0.1,0.15,0.4999999999999998,8068.0
2016-05-17,VISESHINFO,VISESHINFO|20060102,0.1,0.05,0.05,0.0,8031.15
2020-02-14,RAJRAYON,RAJRAYON|20070104,0.05,0.1,0.1,0.0,7992.45
2016-08-22,FARMAXIND,FARMAXIND|20100817,0.1,0.15,0.15,0.0,7960.15
2016-12-23,FARMAXIND,FARMAXIND|20100817,0.1,0.15,0.15,0.0,7889.8
2013-05-14,DHANUS,DHANUS|20071017,0.1,0.15,0.15,0.0,7763.35
2018-06-25,AUSTRAL,AUSTRAL|20080904,0.1,0.15,0.15,0.0,7761.1
2017-02-03,VKSPL,VKSPL|20120718,0.15,0.1,0.1,0.0,7680.5
2020-09-16,RAMSARUP,RAMSARUP|20070709,0.15,0.1,0.15,0.4999999999999998,7642.05
2019-10-11,SMPL,SMPL|20100309,0.1,0.15,0.15,0.0,7556.3
2016-12-13,FARMAXIND,FARMAXIND|20100817,0.15,0.1,0.1,0.0,7552.5
2017-03-08,FARMAXIND,FARMAXIND|20100817,0.05,0.1,0.1,0.0,7549.6
2016-01-21,VKSPL,VKSPL|20120718,0.1,0.15,0.15,0.0,7530.1
2016-12-27,FARMAXIND,FARMAXIND|20100817,0.15,0.1,0.15,0.4999999999999998,7515.0
2015-12-03,VKSPL,VKSPL|20120718,0.05,0.1,0.1,0.0,7500.05
2017-02-17,FARMAXIND,FARMAXIND|20100817,0.1,0.15,0.15,0.0,7480.0
2016-05-24,VISESHINFO,VISESHINFO|20060102,0.05,0.1,0.1,0.0,7442.9
2020-10-26,SMPL,SMPL|20100309,0.1,0.15,0.2,0.3333333333333335,7410.65
2016-08-31,VKSPL,VKSPL|20120718,0.05,0.1,0.1,0.0,7376.35
2019-02-26,RAJRAYON,RAJRAYON|20070104,0.1,0.05,0.05,0.0,7285.9
2025-05-07,GATDVR-RE,GATDVR-RE|20250506,0.03,0.02,0.03,0.5,7223.43
2018-05-07,AUSTRAL,AUSTRAL|20080904,0.1,0.15,0.2,0.3333333333333335,7053.45
2019-12-30,SUJANAUNI,SUJANAUNI|20080219,0.1,0.15,0.2,0.3333333333333335,6949.6
2020-01-17,RAJRAYON,RAJRAYON|20070104,0.1,0.05,0.1,1.0,6888.7
2016-09-30,VKSPL,VKSPL|20120718,0.05,0.1,0.1,0.0,6702.55
2013-08-19,DHANUS,DHANUS|20071017,0.15,0.1,0.1,0.0,6568.75
2020-03-31,ATNINTER,ATNINTER|20060901,0.15,0.1,0.1,0.0,6555.2
2008-05-06,JDORGO,JDORGO|20060104,5.15,3.5,5.15,0.47142857142857153,6494.15
2019-02-11,RAJRAYON,RAJRAYON|20070104,0.1,0.05,0.05,0.0,6475.55
2015-05-06,VISESHINFO,VISESHINFO|20060102,0.1,0.15,0.15,0.0,6474.1
2014-01-21,BIRLACOT,BIRLACOT|20080730,0.15,0.1,0.15,0.4999999999999998,6434.6
2020-01-21,SUJANAUNI,SUJANAUNI|20080219,0.1,0.15,0.15,0.0,6425.4
2019-10-07,MVL,MVL|20080630,0.05,0.1,0.1,0.0,6339.55
2018-07-09,AUSTRAL,AUSTRAL|20080904,0.1,0.15,0.2,0.3333333333333335,6284.2
2019-02-20,RAJRAYON,RAJRAYON|20070104,0.05,0.1,0.1,0.0,6279.15
2017-02-03,FARMAXIND,FARMAXIND|20100817,0.1,0.15,0.15,0.0,6225.0
2018-05-21,PRAKASHSTL,PRAKASHSTL|20100825,0.1,0.15,0.15,0.0,6184.3
2016-12-16,VKSPL,VKSPL|20120718,0.15,0.1,0.15,0.4999999999999998,6060.0
2016-08-18,FARMAXIND,FARMAXIND|20100817,0.15,0.1,0.15,0.4999999999999998,6000.3
2019-10-29,SMPL,SMPL|20100309,0.1,0.15,0.15,0.0,5875.9
2016-03-31,VKSPL,VKSPL|20120718,0.1,0.05,0.1,1.0,5830.2
2019-10-17,MVL,MVL|20080630,0.05,0.1,0.1,0.0,5756.95
2015-05-11,ANTGRAPHIC,ANTGRAPHIC|20060102,0.1,0.15,0.15,0.0,5736.4
2018-11-26,NAKODA,NAKODA|20130314,0.05,0.1,0.1,0.0,5678.95
2016-09-09,VKSPL,VKSPL|20120718,0.05,0.1,0.1,0.0,5636.2
2016-11-28,FARMAXIND,FARMAXIND|20100817,0.1,0.15,0.15,0.0,5550.5
2019-10-22,NUTEK,NUTEK|20080827,0.05,0.1,0.1,0.0,5478.15
2015-10-20,ANTGRAPHIC,ANTGRAPHIC|20060102,0.15,0.1,0.15,0.4999999999999998,5476.8
2016-10-19,LICNFNHGP,LICNFNHGP|20160526,70.97,106.61,88.26,-0.1721226901791576,5384.1
2015-10-13,VKSPL,VKSPL|20120718,0.1,0.15,0.15,0.0,5378.0
2016-11-11,VKSPL,VKSPL|20120718,0.15,0.1,0.1,0.0,5374.2
2020-01-13,SUJANAUNI,SUJANAUNI|20080219,0.1,0.15,0.15,0.0,5311.4
2015-09-23,VKSPL,VKSPL|20120718,0.1,0.15,0.15,0.0,5202.5
2015-08-18,VKSPL,VKSPL|20120718,0.15,0.1,0.15,0.4999999999999998,5111.0
2016-10-20,FARMAXIND,FARMAXIND|20100817,0.1,0.15,0.15,0.0,5109.5
2019-03-20,RAJRAYON,RAJRAYON|20070104,0.05,0.1,0.1,0.0,5067.15
2020-03-03,SMPL,SMPL|20100309,0.1,0.15,0.2,0.3333333333333335,5039.7
2015-11-30,VKSPL,VKSPL|20120718,0.1,0.05,0.1,1.0,5030.0
2016-10-14,FARMAXIND,FARMAXIND|20100817,0.15,0.1,0.1,0.0,5010.35
2016-08-19,FARMAXIND,FARMAXIND|20100817,0.1,0.15,0.15,0.0,5000.15
2019-10-10,MVL,MVL|20080630,0.1,0.05,0.1,1.0,4973.3
2015-02-16,BIRLAPOWER,BIRLAPOWER|20070606,0.1,0.05,0.05,0.0,4827.5
2016-11-17,VKSPL,VKSPL|20120718,0.05,0.1,0.15,0.4999999999999998,4728.0
2018-12-03,NAKODA,NAKODA|20130314,0.15,0.1,0.1,0.0,4713.15
2019-08-22,ATNINTER,ATNINTER|20060901,0.15,0.1,0.15,0.4999999999999998,4687.95
2020-01-03,SMPL,SMPL|20100309,0.1,0.15,0.2,0.3333333333333335,4548.05
2015-03-09,BIRLAPOWER,BIRLAPOWER|20070606,0.05,0.1,0.1,0.0,4524.0
2019-08-16,SUJANAUNI,SUJANAUNI|20080219,0.1,0.15,0.2,0.3333333333333335,4523.3
2020-09-10,SMPL,SMPL|20100309,0.1,0.15,0.15,0.0,4502.95
2020-10-13,RAJRAYON,RAJRAYON|20070104,0.1,0.15,0.15,0.0,4477.55
2020-02-05,SMPL,SMPL|20100309,0.1,0.15,0.15,0.0,4442.45
2013-06-03,DHANUS,DHANUS|20071017,0.15,0.1,0.15,0.4999999999999998,4406.65
2019-10-15,SMPL,SMPL|20100309,0.1,0.15,0.15,0.0,4251.2
2019-08-30,ATNINTER,ATNINTER|20060901,0.15,0.1,0.15,0.4999999999999998,4203.0
2020-08-14,SMPL,SMPL|20100309,0.1,0.15,0.2,0.3333333333333335,4127.4
2020-01-15,SMPL,SMPL|20100309,0.1,0.15,0.2,0.3333333333333335,4050.3
2017-02-14,FARMAXIND,FARMAXIND|20100817,0.15,0.1,0.15,0.4999999999999998,4018.5
2017-02-09,FARMAXIND,FARMAXIND|20100817,0.1,0.15,0.15,0.0,4002.0
2016-06-14,VKSPL,VKSPL|20120718,0.1,0.15,0.15,0.0,4000.15
2017-05-15,FARMAXIND,FARMAXIND|20100817,0.1,0.05,0.05,0.0,3964.7
2015-06-24,ANTGRAPHIC,ANTGRAPHIC|20060102,0.15,0.1,0.1,0.0,3803.75
2017-01-24,VKSPL,VKSPL|20120718,0.1,0.15,0.15,0.0,3721.45
2018-04-09,AUSTRAL,AUSTRAL|20080904,0.1,0.15,0.2,0.3333333333333335,3701.6
2020-02-03,RAINBOWPAP,RAINBOWPAP|20100602,0.1,0.15,0.15,0.0,3622.85
2016-06-09,FARMAXIND,FARMAXIND|20100817,0.15,0.1,0.1,0.0,3601.25
2019-01-08,RAJRAYON,RAJRAYON|20070104,0.1,0.15,0.15,0.0,3577.6
2017-01-24,FARMAXIND,FARMAXIND|20100817,0.15,0.1,0.1,0.0,3562.35
2006-05-15,JDORGO,JDORGO|20060104,7.5,5.25,7.5,0.4285714285714286,3450.0
2013-06-13,DHANUS,DHANUS|20071017,0.1,0.15,0.15,0.0,3297.05
2017-02-20,FARMAXIND,FARMAXIND|20100817,0.1,0.15,0.15,0.0,3258.5
2018-11-05,NAKODA,NAKODA|20130314,0.05,0.1,0.1,0.0,3215.5
2017-01-17,VKSPL,VKSPL|20120718,0.1,0.15,0.15,0.0,3195.75
2015-09-10,VISESHINFO,VISESHINFO|20060102,0.1,0.05,0.1,1.0,3151.25
2019-10-31,SMPL,SMPL|20100309,0.1,0.15,0.15,0.0,3102.25
2016-12-26,VKSPL,VKSPL|20120718,0.1,0.15,0.15,0.0,3075.3
2017-03-23,FARMAXIND,FARMAXIND|20100817,0.1,0.05,0.1,1.0,3000.0
2015-06-02,ANTGRAPHIC,ANTGRAPHIC|20060102,0.1,0.15,0.15,0.0,2935.0
2017-01-30,VKSPL,VKSPL|20120718,0.15,0.1,0.1,0.0,2926.95
2020-01-13,BLUECHIP,BLUECHIP|20060102,0.1,0.15,0.15,0.0,2829.4
2018-09-10,PRAKASHSTL,PRAKASHSTL|20100825,0.1,0.15,0.15,0.0,2817.5
2020-01-15,SUJANAUNI,SUJANAUNI|20080219,0.15,0.1,0.1,0.0,2815.4
2018-04-30,AUSTRAL,AUSTRAL|20080904,0.1,0.15,0.15,0.0,2794.85
2016-05-02,VKSPL,VKSPL|20120718,0.1,0.05,0.1,1.0,2700.2
2020-01-21,SMPL,SMPL|20100309,0.1,0.15,0.15,0.0,2650.2
2019-12-19,SMPL,SMPL|20100309,0.1,0.15,0.2,0.3333333333333335,2631.7
2015-05-08,ANTGRAPHIC,ANTGRAPHIC|20060102,0.1,0.15,0.15,0.0,2612.7
2020-03-20,SMPL,SMPL|20100309,0.1,0.15,0.15,0.0,2596.55
2019-08-09,SUJANAUNI,SUJANAUNI|20080219,0.1,0.15,0.15,0.0,2535.9
2019-06-25,RAJRAYON,RAJRAYON|20070104,0.05,0.1,0.1,0.0,2493.95
2015-06-30,ANTGRAPHIC,ANTGRAPHIC|20060102,0.15,0.1,0.1,0.0,2447.6
2020-03-25,SMPL,SMPL|20100309,0.1,0.15,0.15,0.0,2194.3
2019-09-16,ATNINTER,ATNINTER|20060901,0.15,0.1,0.15,0.4999999999999998,2161.5
2019-07-30,SUJANAUNI,SUJANAUNI|20080219,0.1,0.15,0.15,0.0,2138.8
2017-03-09,FARMAXIND,FARMAXIND|20100817,0.05,0.1,0.1,0.0,2127.35
2015-12-21,VKSPL,VKSPL|20120718,0.15,0.1,0.1,0.0,2110.0
2017-02-02,PARASPETRO,PARASPETRO|20100830,0.15,0.1,0.15,0.4999999999999998,2100.0
2016-11-15,VKSPL,VKSPL|20120718,0.05,0.1,0.15,0.4999999999999998,2086.75
2019-09-18,ATNINTER,ATNINTER|20060901,0.15,0.1,0.15,0.4999999999999998,2074.35
2017-01-27,PARASPETRO,PARASPETRO|20100830,0.15,0.1,0.1,0.0,2030.0
2017-01-25,FARMAXIND,FARMAXIND|20100817,0.15,0.1,0.15,0.4999999999999998,1975.0
2019-01-21,NAKODA,NAKODA|20130314,0.05,0.1,0.1,0.0,1966.85
2014-03-24,ANTGRAPHIC,ANTGRAPHIC|20060102,0.15,0.1,0.15,0.4999999999999998,1965.0
2015-07-28,ANTGRAPHIC,ANTGRAPHIC|20060102,0.15,0.1,0.15,0.4999999999999998,1875.0
2016-09-21,VKSPL,VKSPL|20120718,0.05,0.1,0.1,0.0,1870.1
2016-12-20,FARMAXIND,FARMAXIND|20100817,0.15,0.1,0.15,0.4999999999999998,1805.15
2016-11-25,VKSPL,VKSPL|20120718,0.05,0.1,0.1,0.0,1804.5
2013-04-12,GLFL,GLFL|20060102,1.8,78.0,1.8,-0.9769230769230769,1800.0
2015-05-25,SURYAPHARM,SURYAPHARM|20060102,0.15,0.1,0.15,0.4999999999999998,1770.25
2019-07-08,ATNINTER,ATNINTER|20060901,0.05,0.1,0.1,0.0,1745.0
2015-05-15,ANTGRAPHIC,ANTGRAPHIC|20060102,0.15,0.1,0.1,0.0,1669.5
2016-10-25,VKSPL,VKSPL|20120718,0.1,0.05,0.1,1.0,1650.25
2026-03-30,5PAISA-RE,5PAISA-RE|20260327,0.15,0.1,0.15,0.4999999999999998,1585.95
2016-12-05,FARMAXIND,FARMAXIND|20100817,0.1,0.15,0.15,0.0,1501.5
2016-11-23,FARMAXIND,FARMAXIND|20100817,0.1,0.15,0.15,0.0,1450.0
2019-08-19,ATNINTER,ATNINTER|20060901,0.1,0.15,0.15,0.0,1376.85
2020-06-01,BLUECHIP,BLUECHIP|20060102,0.1,0.15,0.2,0.3333333333333335,1353.6
2020-03-20,ATNINTER,ATNINTER|20060901,0.05,0.1,0.1,0.0,1325.15
2019-08-27,ATNINTER,ATNINTER|20060901,0.1,0.15,0.15,0.0,1310.85
2015-12-24,VKSPL,VKSPL|20120718,0.1,0.15,0.15,0.0,1310.0
2020-01-29,SMPL,SMPL|20100309,0.1,0.15,0.15,0.0,1308.55
2017-04-17,VKSPL,VKSPL|20120718,0.1,0.05,0.1,1.0,1305.35
2020-02-19,SMPL,SMPL|20100309,0.1,0.15,0.15,0.0,1250.0
2016-09-12,FARMAXIND,FARMAXIND|20100817,0.15,0.1,0.15,0.4999999999999998,1210.85
2016-02-08,VKSPL,VKSPL|20120718,0.15,0.1,0.15,0.4999999999999998,1200.0
2020-01-27,SMPL,SMPL|20100309,0.15,0.1,0.1,0.0,1171.8
2013-05-28,ATNINTER,ATNINTER|20060901,0.1,0.15,0.2,0.3333333333333335,1150.1
2018-10-29,NAKODA,NAKODA|20130314,0.05,0.1,0.1,0.0,1129.75
2015-05-25,ANTGRAPHIC,ANTGRAPHIC|20060102,0.1,0.15,0.15,0.0,1047.55
2020-02-04,SMPL,SMPL|20100309,0.1,0.15,0.15,0.0,1037.05
2016-07-07,VKSPL,VKSPL|20120718,0.05,0.1,0.1,0.0,1034.35
2020-10-21,SMPL,SMPL|20100309,0.1,0.15,0.15,0.0,1032.4
2020-03-19,RAMSARUP,RAMSARUP|20070709,0.1,0.15,0.2,0.3333333333333335,1012.0
2016-06-13,VKSPL,VKSPL|20120718,0.1,0.15,0.15,0.0,1000.15
2015-12-17,VKSPL,VKSPL|20120718,0.15,0.1,0.1,0.0,1000.0
2015-09-15,ANTGRAPHIC,ANTGRAPHIC|20060102,0.15,0.1,0.15,0.4999999999999998,998.4
2020-01-28,SMPL,SMPL|20100309,0.15,0.1,0.15,0.4999999999999998,960.45
2019-08-28,ATNINTER,ATNINTER|20060901,0.1,0.15,0.15,0.0,947.2
2008-06-13,KABRAEXTRU,KABRAEXTRU|20060102,127.0,21.25,127.0,4.976470588235294,889.0
2026-06-12,SHAH-RE1,SHAH-RE1|20260611,0.03,0.02,0.03,0.5,885.6
2019-11-18,RAMSARUP,RAMSARUP|20070709,0.15,0.1,0.15,0.4999999999999998,874.2
2014-01-17,BLUECHIP,BLUECHIP|20060102,0.15,0.1,0.15,0.4999999999999998,863.85
2021-04-19,SMPL,SMPL|20100309,0.1,0.15,0.15,0.0,857.1
2020-03-16,BLUECHIP,BLUECHIP|20060102,0.1,0.15,0.2,0.3333333333333335,851.4
2020-02-17,BLUECHIP,BLUECHIP|20060102,0.05,0.1,0.1,0.0,835.65
2017-01-09,FARMAXIND,FARMAXIND|20100817,0.15,0.1,0.1,0.0,800.0
2011-09-19,NUCENT,PRESSMN|20060102,2.45,1.7,2.35,0.3823529411764708,795.75
2016-07-21,FARMAXIND,FARMAXIND|20100817,0.15,0.1,0.15,0.4999999999999998,765.0
2019-09-05,ATNINTER,ATNINTER|20060901,0.15,0.1,0.15,0.4999999999999998,750.75
2016-05-31,VKSPL,VKSPL|20120718,0.1,0.05,0.1,1.0,750.0
2020-01-31,SMPL,SMPL|20100309,0.1,0.15,0.15,0.0,741.15
2019-11-14,RAMSARUP,RAMSARUP|20070709,0.1,0.15,0.15,0.0,699.9
2015-10-01,ANTGRAPHIC,ANTGRAPHIC|20060102,0.1,0.15,0.15,0.0,692.1
2015-10-05,ANTGRAPHIC,ANTGRAPHIC|20060102,0.1,0.15,0.15,0.0,625.5
2016-05-18,VKSPL,VKSPL|20120718,0.1,0.05,0.1,1.0,620.0
2017-06-12,FARMAXIND,FARMAXIND|20100817,0.1,0.05,0.05,0.0,611.5
2016-02-02,VKSPL,VKSPL|20120718,0.15,0.1,0.15,0.4999999999999998,601.5
2016-09-01,VKSPL,VKSPL|20120718,0.05,0.1,0.1,0.0,601.0
2020-02-20,SMPL,SMPL|20100309,0.1,0.15,0.15,0.0,595.1
2020-02-10,BLUECHIP,BLUECHIP|20060102,0.05,0.1,0.1,0.0,593.45
2016-09-30,FARMAXIND,FARMAXIND|20100817,0.05,0.1,0.1,0.0,575.0
2020-02-06,SMPL,SMPL|20100309,0.1,0.15,0.15,0.0,553.25
2016-06-03,FARMAXIND,FARMAXIND|20100817,0.1,0.15,0.15,0.0,551.9
2020-06-01,SMPL,SMPL|20100309,0.1,0.15,0.15,0.0,538.35
2019-07-10,ATNINTER,ATNINTER|20060901,0.1,0.05,0.05,0.0,501.1
2020-01-23,SMPL,SMPL|20100309,0.15,0.1,0.1,0.0,498.6
2013-08-27,DHANUS,DHANUS|20071017,0.1,0.15,0.15,0.0,489.95
2020-02-03,SMPL,SMPL|20100309,0.1,0.15,0.15,0.0,446.1
2020-10-13,SMPL,SMPL|20100309,0.1,0.15,0.2,0.3333333333333335,418.5
2016-10-24,CNOVAPETRO,CNOVAPETRO|20140203,33.4,49.15,33.4,-0.32044760935910477,400.8
2020-01-10,SMPL,SMPL|20100309,0.1,0.15,0.15,0.0,386.35
2015-05-22,ANTGRAPHIC,ANTGRAPHIC|20060102,0.1,0.15,0.15,0.0,375.9
2020-01-08,SMPL,SMPL|20100309,0.1,0.15,0.15,0.0,323.0
2017-12-04,NOESISIND,NOESISIND|20071130,0.05,0.1,0.1,0.0,317.55
2020-03-17,RAMSARUP,RAMSARUP|20070709,0.15,0.1,0.1,0.0,311.4
2020-02-17,ATNINTER,ATNINTER|20060901,0.05,0.1,0.1,0.0,308.35
2017-06-05,REISIXTEN,REISIXTEN|20090427,0.3,1.0,0.3,-0.7,300.0
2008-06-13,KEYCORPSER,KEYFINSERV|20060102,128.9,33.75,128.9,2.8192592592592596,257.8
2020-01-13,SMPL,SMPL|20100309,0.1,0.15,0.2,0.3333333333333335,257.5
2016-02-03,VKSPL,VKSPL|20120718,0.1,0.15,0.15,0.0,250.0
2019-07-12,ATNINTER,ATNINTER|20060901,0.1,0.05,0.1,1.0,231.8
2015-08-07,ANTGRAPHIC,ANTGRAPHIC|20060102,0.15,0.1,0.1,0.0,202.3
2016-12-22,VKSPL,VKSPL|20120718,0.1,0.15,0.15,0.0,200.15
2020-04-27,WINSOME,WINSOME|20110825,0.1,0.15,0.15,0.0,193.55
2012-06-04,JDORGOCHEM,JDORGOCHEM|20080902,3.75,8.45,3.75,-0.5562130177514792,187.5
2024-03-26,TIL,TIL|20060102,157.15,557.6,157.15,-0.7181671449067432,157.15
2018-05-21,GREENFIRE,PROSEED|20121016,0.15,0.1,0.15,0.4999999999999998,154.5
2014-03-04,ATNINTER,ATNINTER|20060901,0.1,0.15,0.15,0.0,150.45
2016-12-07,FARMAXIND,FARMAXIND|20100817,0.15,0.1,0.15,0.4999999999999998,150.0
2016-07-18,FARMAXIND,FARMAXIND|20100817,0.1,0.15,0.15,0.0,137.65
2014-02-21,ATNINTER,ATNINTER|20060901,0.1,0.15,0.15,0.0,135.3
2020-03-13,RAMSARUP,RAMSARUP|20070709,0.1,0.15,0.15,0.0,130.4
2020-03-24,BLUECHIP,BLUECHIP|20060102,0.05,0.1,0.1,0.0,122.45
2017-06-20,RAJRAYON,RAJRAYON|20070104,0.1,0.15,0.2,0.3333333333333335,120.0
2017-02-01,PARASPETRO,PARASPETRO|20100830,0.1,0.05,0.1,1.0,120.0
2016-04-25,VKSPL,VKSPL|20120718,0.1,0.05,0.1,1.0,100.0
2020-10-23,SMPL,SMPL|20100309,0.1,0.15,0.15,0.0,98.8
2019-04-15,ATNINTER,ATNINTER|20060901,0.1,0.05,0.1,1.0,65.8
2016-03-01,VKSPL,VKSPL|20120718,0.1,0.05,0.1,1.0,53.8
2017-06-23,VISUINTL,VISUINTL|20061229,0.05,0.1,0.1,0.0,45.0
2015-05-18,ANTGRAPHIC,ANTGRAPHIC|20060102,0.15,0.1,0.15,0.4999999999999998,45.0
2018-05-14,PRAKASHSTL,PRAKASHSTL|20100825,0.1,0.15,0.15,0.0,45.0
2019-03-18,ATNINTER,ATNINTER|20060901,0.1,0.05,0.1,1.0,34.8
2018-06-25,GANGOTRI,GANGOTRI|20060407,0.1,0.05,0.1,1.0,34.2
2020-08-31,BLUECHIP,BLUECHIP|20060102,0.05,0.1,0.1,0.0,34.15
2015-05-07,ANTGRAPHIC,ANTGRAPHIC|20060102,0.1,0.15,0.15,0.0,30.5
2015-10-30,VKSPL,VKSPL|20120718,0.15,0.1,0.15,0.4999999999999998,30.15
2019-11-21,RAMSARUP,RAMSARUP|20070709,0.15,0.1,0.15,0.4999999999999998,30.0
2018-05-18,GREENFIRE,PROSEED|20121016,0.1,0.05,0.1,1.0,27.5
2015-04-27,ANTGRAPHIC,ANTGRAPHIC|20060102,0.1,0.15,0.15,0.0,25.0
2018-05-22,GANGOTRI,GANGOTRI|20060407,0.15,0.1,0.15,0.4999999999999998,24.9
2021-03-30,BLUECHIP,BLUECHIP|20060102,0.1,0.15,0.15,0.0,24.85
2015-10-14,ANTGRAPHIC,ANTGRAPHIC|20060102,0.1,0.15,0.15,0.0,21.15
2017-08-01,NOESISIND,NOESISIND|20071130,0.05,0.1,0.1,0.0,19.0
2018-06-29,GANGOTRI,GANGOTRI|20060407,0.15,0.1,0.15,0.4999999999999998,15.15
2019-07-01,ATNINTER,ATNINTER|20060901,0.05,0.1,0.1,0.0,10.6
2021-04-23,SMPL,SMPL|20100309,0.15,0.1,0.15,0.4999999999999998,7.95
2016-05-12,VKSPL,VKSPL|20120718,0.15,0.1,0.15,0.4999999999999998,7.5
2019-10-04,WINSOME,WINSOME|20110825,0.15,0.1,0.15,0.4999999999999998,6.75
2018-04-27,GANGOTRI,GANGOTRI|20060407,0.1,0.05,0.1,1.0,6.6
2017-09-04,VISUINTL,VISUINTL|20061229,0.05,5.0,0.05,-0.99,2.5
2017-01-12,FARMAXIND,FARMAXIND|20100817,0.15,0.1,0.15,0.4999999999999998,1.5
2016-12-30,VKSPL,VKSPL|20120718,0.15,0.1,0.15,0.4999999999999998,0.15
2016-06-08,VKSPL,VKSPL|20120718,0.15,0.1,0.15,0.4999999999999998,0.15
2016-12-21,VKSPL,VKSPL|20120718,0.15,0.1,0.15,0.4999999999999998,0.15
2020-09-14,BLUECHIP,BLUECHIP|20060102,0.1,0.05,0.1,1.0,0.1
