time,sample,kind,variant,universe,extra,hash
2026-09-26T11:22:02,synthetic,gross,same_universe_ew,"{""size"": 500, ""min_price"": 20.0, ""liquidity_months"": 6, ""min_history_months"": 13, ""min_days_last_month"": 10}",{},0122a04705
2026-09-26T11:22:02,synthetic,gross,momentum12_top10,"{""size"": 500, ""min_price"": 20.0, ""liquidity_months"": 6, ""min_history_months"": 13, ""min_days_last_month"": 10}",{},e3c26f8dff
2026-09-26T11:22:02,synthetic,gross_long_short,momentum12_top10,"{""size"": 500, ""min_price"": 20.0, ""liquidity_months"": 6, ""min_history_months"": 13, ""min_days_last_month"": 10}",{},1d440af77c
2026-09-26T11:22:02,synthetic,gross,momentum12_top20,"{""size"": 500, ""min_price"": 20.0, ""liquidity_months"": 6, ""min_history_months"": 13, ""min_days_last_month"": 10}",{},c88235ccc9
2026-09-26T11:22:02,synthetic,gross_long_short,momentum12_top20,"{""size"": 500, ""min_price"": 20.0, ""liquidity_months"": 6, ""min_history_months"": 13, ""min_days_last_month"": 10}",{},9f2d2389de
2026-09-26T11:22:02,synthetic,gross,momentum6_top10,"{""size"": 500, ""min_price"": 20.0, ""liquidity_months"": 6, ""min_history_months"": 13, ""min_days_last_month"": 10}",{},da5b4d03a1
2026-09-26T11:22:02,synthetic,gross_long_short,momentum6_top10,"{""size"": 500, ""min_price"": 20.0, ""liquidity_months"": 6, ""min_history_months"": 13, ""min_days_last_month"": 10}",{},3832a9e645
2026-09-26T11:22:02,synthetic,gross,momentum6_top20,"{""size"": 500, ""min_price"": 20.0, ""liquidity_months"": 6, ""min_history_months"": 13, ""min_days_last_month"": 10}",{},830d59942f
2026-09-26T11:22:02,synthetic,gross_long_short,momentum6_top20,"{""size"": 500, ""min_price"": 20.0, ""liquidity_months"": 6, ""min_history_months"": 13, ""min_days_last_month"": 10}",{},267b0e6724
2026-09-26T11:22:02,synthetic,gross,reversal_top10,"{""size"": 500, ""min_price"": 20.0, ""liquidity_months"": 6, ""min_history_months"": 13, ""min_days_last_month"": 10}",{},ae9f626778
2026-09-26T11:22:02,synthetic,gross_long_short,reversal_top10,"{""size"": 500, ""min_price"": 20.0, ""liquidity_months"": 6, ""min_history_months"": 13, ""min_days_last_month"": 10}",{},b901a19683
2026-09-26T11:22:02,synthetic,gross,reversal_top20,"{""size"": 500, ""min_price"": 20.0, ""liquidity_months"": 6, ""min_history_months"": 13, ""min_days_last_month"": 10}",{},268929b07f
2026-09-26T11:22:02,synthetic,gross_long_short,reversal_top20,"{""size"": 500, ""min_price"": 20.0, ""liquidity_months"": 6, ""min_history_months"": 13, ""min_days_last_month"": 10}",{},f3d9bb1a8e
2026-09-26T11:22:02,synthetic,gross,low_vol12_top10,"{""size"": 500, ""min_price"": 20.0, ""liquidity_months"": 6, ""min_history_months"": 13, ""min_days_last_month"": 10}",{},8dfe9e24b0
2026-09-26T11:22:02,synthetic,gross_long_short,low_vol12_top10,"{""size"": 500, ""min_price"": 20.0, ""liquidity_months"": 6, ""min_history_months"": 13, ""min_days_last_month"": 10}",{},330bb5531b
2026-09-26T11:22:02,synthetic,gross,low_vol12_top20,"{""size"": 500, ""min_price"": 20.0, ""liquidity_months"": 6, ""min_history_months"": 13, ""min_days_last_month"": 10}",{},f4e5157ab7
2026-09-26T11:22:03,synthetic,gross_long_short,low_vol12_top20,"{""size"": 500, ""min_price"": 20.0, ""liquidity_months"": 6, ""min_history_months"": 13, ""min_days_last_month"": 10}",{},8363ed2b48
2026-09-26T11:22:03,synthetic,gross,low_vol6_top10,"{""size"": 500, ""min_price"": 20.0, ""liquidity_months"": 6, ""min_history_months"": 13, ""min_days_last_month"": 10}",{},311aa39cb0
2026-09-26T11:22:03,synthetic,gross_long_short,low_vol6_top10,"{""size"": 500, ""min_price"": 20.0, ""liquidity_months"": 6, ""min_history_months"": 13, ""min_days_last_month"": 10}",{},bc7633f2e7
2026-09-26T11:22:03,synthetic,gross,low_vol6_top20,"{""size"": 500, ""min_price"": 20.0, ""liquidity_months"": 6, ""min_history_months"": 13, ""min_days_last_month"": 10}",{},9ea2e08446
2026-09-26T11:22:03,synthetic,gross_long_short,low_vol6_top20,"{""size"": 500, ""min_price"": 20.0, ""liquidity_months"": 6, ""min_history_months"": 13, ""min_days_last_month"": 10}",{},656fdcc4eb
2026-09-26T11:22:03,synthetic,gross,high_52w_top10,"{""size"": 500, ""min_price"": 20.0, ""liquidity_months"": 6, ""min_history_months"": 13, ""min_days_last_month"": 10}",{},4bf135e131
2026-09-26T11:22:03,synthetic,gross_long_short,high_52w_top10,"{""size"": 500, ""min_price"": 20.0, ""liquidity_months"": 6, ""min_history_months"": 13, ""min_days_last_month"": 10}",{},1850b4effe
2026-09-26T11:22:03,synthetic,gross,high_52w_top20,"{""size"": 500, ""min_price"": 20.0, ""liquidity_months"": 6, ""min_history_months"": 13, ""min_days_last_month"": 10}",{},685d2223fc
2026-09-26T11:22:04,synthetic,gross_long_short,high_52w_top20,"{""size"": 500, ""min_price"": 20.0, ""liquidity_months"": 6, ""min_history_months"": 13, ""min_days_last_month"": 10}",{},7f52a64201
2026-09-26T11:22:54,synthetic,gross,same_universe_ew,"{""size"": 500, ""min_price"": 20.0, ""liquidity_months"": 6, ""min_history_months"": 13, ""min_days_last_month"": 10}",{},31c020e175
2026-09-26T11:22:54,synthetic,net,same-universe EW,"{""size"": 500, ""min_price"": 20.0, ""liquidity_months"": 6, ""min_history_months"": 13, ""min_days_last_month"": 10}","{""capital"": 1000000.0, ""k"": 0.7, ""brokerage"": 0.0, ""band"": 0.25, ""tax"": false, ""costs"": true}",1c294add49
2026-09-26T11:22:54,synthetic,net,same-universe EW,"{""size"": 500, ""min_price"": 20.0, ""liquidity_months"": 6, ""min_history_months"": 13, ""min_days_last_month"": 10}","{""capital"": 1000000.0, ""k"": 0.7, ""brokerage"": 0.0, ""band"": 0.25, ""tax"": true, ""costs"": true}",f61705a237
2026-09-26T11:22:54,synthetic,net,same-universe EW,"{""size"": 500, ""min_price"": 20.0, ""liquidity_months"": 6, ""min_history_months"": 13, ""min_days_last_month"": 10}","{""capital"": 1000000.0, ""k"": 0.7, ""brokerage"": 0.003, ""band"": 0.25, ""tax"": false, ""costs"": true}",419bf90f81
2026-09-26T11:22:54,synthetic,net,H1 momentum12_top10,"{""size"": 500, ""min_price"": 20.0, ""liquidity_months"": 6, ""min_history_months"": 13, ""min_days_last_month"": 10}","{""capital"": 1000000.0, ""k"": 0.7, ""brokerage"": 0.0, ""band"": 0.25, ""tax"": false, ""costs"": true}",7ecaeaf252
2026-09-26T11:22:54,synthetic,net,H1 momentum12_top10,"{""size"": 500, ""min_price"": 20.0, ""liquidity_months"": 6, ""min_history_months"": 13, ""min_days_last_month"": 10}","{""capital"": 1000000.0, ""k"": 0.7, ""brokerage"": 0.0, ""band"": 0.25, ""tax"": true, ""costs"": true}",09c1833b47
2026-09-26T11:22:55,synthetic,net,H1 momentum12_top10,"{""size"": 500, ""min_price"": 20.0, ""liquidity_months"": 6, ""min_history_months"": 13, ""min_days_last_month"": 10}","{""capital"": 1000000.0, ""k"": 0.7, ""brokerage"": 0.003, ""band"": 0.25, ""tax"": false, ""costs"": true}",5e58a6cd6a
2026-09-26T11:22:55,synthetic,net,H4 low_vol12_top10,"{""size"": 500, ""min_price"": 20.0, ""liquidity_months"": 6, ""min_history_months"": 13, ""min_days_last_month"": 10}","{""capital"": 1000000.0, ""k"": 0.7, ""brokerage"": 0.0, ""band"": 0.25, ""tax"": false, ""costs"": true}",49653979c3
2026-09-26T11:22:55,synthetic,net,H4 low_vol12_top10,"{""size"": 500, ""min_price"": 20.0, ""liquidity_months"": 6, ""min_history_months"": 13, ""min_days_last_month"": 10}","{""capital"": 1000000.0, ""k"": 0.7, ""brokerage"": 0.0, ""band"": 0.25, ""tax"": true, ""costs"": true}",c3fc7e4d5c
2026-09-26T11:22:55,synthetic,net,H4 low_vol12_top10,"{""size"": 500, ""min_price"": 20.0, ""liquidity_months"": 6, ""min_history_months"": 13, ""min_days_last_month"": 10}","{""capital"": 1000000.0, ""k"": 0.7, ""brokerage"": 0.003, ""band"": 0.25, ""tax"": false, ""costs"": true}",5a15415fda
2026-09-26T11:22:55,synthetic,net,H5 reversal_top10,"{""size"": 500, ""min_price"": 20.0, ""liquidity_months"": 6, ""min_history_months"": 13, ""min_days_last_month"": 10}","{""capital"": 1000000.0, ""k"": 0.7, ""brokerage"": 0.0, ""band"": 0.25, ""tax"": false, ""costs"": true}",8538da4aa8
2026-09-26T11:22:55,synthetic,net,H5 reversal_top10,"{""size"": 500, ""min_price"": 20.0, ""liquidity_months"": 6, ""min_history_months"": 13, ""min_days_last_month"": 10}","{""capital"": 1000000.0, ""k"": 0.7, ""brokerage"": 0.0, ""band"": 0.25, ""tax"": true, ""costs"": true}",5f6475f5a1
2026-09-26T11:22:55,synthetic,net,H5 reversal_top10,"{""size"": 500, ""min_price"": 20.0, ""liquidity_months"": 6, ""min_history_months"": 13, ""min_days_last_month"": 10}","{""capital"": 1000000.0, ""k"": 0.7, ""brokerage"": 0.003, ""band"": 0.25, ""tax"": false, ""costs"": true}",b39ec25152
2026-09-26T11:22:55,synthetic,net,momentum12_top10 cap,"{""size"": 500, ""min_price"": 20.0, ""liquidity_months"": 6, ""min_history_months"": 13, ""min_days_last_month"": 10}","{""capital"": 1000000.0, ""k"": 0.0, ""brokerage"": 0.0, ""band"": 0.25, ""tax"": false, ""costs"": true}",35bb3b24e4
2026-09-26T11:22:55,synthetic,net,momentum12_top10 cap,"{""size"": 500, ""min_price"": 20.0, ""liquidity_months"": 6, ""min_history_months"": 13, ""min_days_last_month"": 10}","{""capital"": 1000000.0, ""k"": 0.7, ""brokerage"": 0.0, ""band"": 0.25, ""tax"": false, ""costs"": true}",efb20053b7
2026-09-26T11:22:55,synthetic,net,momentum12_top10 cap,"{""size"": 500, ""min_price"": 20.0, ""liquidity_months"": 6, ""min_history_months"": 13, ""min_days_last_month"": 10}","{""capital"": 1000000.0, ""k"": 1.5, ""brokerage"": 0.0, ""band"": 0.25, ""tax"": false, ""costs"": true}",b2354e8b98
2026-09-26T11:22:55,synthetic,net,momentum12_top10 cap,"{""size"": 500, ""min_price"": 20.0, ""liquidity_months"": 6, ""min_history_months"": 13, ""min_days_last_month"": 10}","{""capital"": 10000000.0, ""k"": 0.0, ""brokerage"": 0.0, ""band"": 0.25, ""tax"": false, ""costs"": true}",30e73bd657
2026-09-26T11:22:55,synthetic,net,momentum12_top10 cap,"{""size"": 500, ""min_price"": 20.0, ""liquidity_months"": 6, ""min_history_months"": 13, ""min_days_last_month"": 10}","{""capital"": 10000000.0, ""k"": 0.7, ""brokerage"": 0.0, ""band"": 0.25, ""tax"": false, ""costs"": true}",5cc7389df5
2026-09-26T11:22:55,synthetic,net,momentum12_top10 cap,"{""size"": 500, ""min_price"": 20.0, ""liquidity_months"": 6, ""min_history_months"": 13, ""min_days_last_month"": 10}","{""capital"": 10000000.0, ""k"": 1.5, ""brokerage"": 0.0, ""band"": 0.25, ""tax"": false, ""costs"": true}",8bec130c17
2026-09-26T11:22:56,synthetic,net,momentum12_top10 cap,"{""size"": 500, ""min_price"": 20.0, ""liquidity_months"": 6, ""min_history_months"": 13, ""min_days_last_month"": 10}","{""capital"": 100000000.0, ""k"": 0.0, ""brokerage"": 0.0, ""band"": 0.25, ""tax"": false, ""costs"": true}",3f7fa3e67f
2026-09-26T11:22:56,synthetic,net,momentum12_top10 cap,"{""size"": 500, ""min_price"": 20.0, ""liquidity_months"": 6, ""min_history_months"": 13, ""min_days_last_month"": 10}","{""capital"": 100000000.0, ""k"": 0.7, ""brokerage"": 0.0, ""band"": 0.25, ""tax"": false, ""costs"": true}",52701dd60a
2026-09-26T11:22:56,synthetic,net,momentum12_top10 cap,"{""size"": 500, ""min_price"": 20.0, ""liquidity_months"": 6, ""min_history_months"": 13, ""min_days_last_month"": 10}","{""capital"": 100000000.0, ""k"": 1.5, ""brokerage"": 0.0, ""band"": 0.25, ""tax"": false, ""costs"": true}",eed1cc26c9
2026-09-26T11:22:56,synthetic,net,momentum12_top10 cap,"{""size"": 500, ""min_price"": 20.0, ""liquidity_months"": 6, ""min_history_months"": 13, ""min_days_last_month"": 10}","{""capital"": 1000000000.0, ""k"": 0.0, ""brokerage"": 0.0, ""band"": 0.25, ""tax"": false, ""costs"": true}",a5c6633e1c
2026-09-26T11:22:56,synthetic,net,momentum12_top10 cap,"{""size"": 500, ""min_price"": 20.0, ""liquidity_months"": 6, ""min_history_months"": 13, ""min_days_last_month"": 10}","{""capital"": 1000000000.0, ""k"": 0.7, ""brokerage"": 0.0, ""band"": 0.25, ""tax"": false, ""costs"": true}",5f71d5b716
2026-09-26T11:22:56,synthetic,net,momentum12_top10 cap,"{""size"": 500, ""min_price"": 20.0, ""liquidity_months"": 6, ""min_history_months"": 13, ""min_days_last_month"": 10}","{""capital"": 1000000000.0, ""k"": 1.5, ""brokerage"": 0.0, ""band"": 0.25, ""tax"": false, ""costs"": true}",8c69aa8bde
2026-09-26T11:22:56,synthetic,net,low_vol12_top10 cap,"{""size"": 500, ""min_price"": 20.0, ""liquidity_months"": 6, ""min_history_months"": 13, ""min_days_last_month"": 10}","{""capital"": 1000000.0, ""k"": 0.0, ""brokerage"": 0.0, ""band"": 0.25, ""tax"": false, ""costs"": true}",7f2cdb6e9d
2026-09-26T11:22:56,synthetic,net,low_vol12_top10 cap,"{""size"": 500, ""min_price"": 20.0, ""liquidity_months"": 6, ""min_history_months"": 13, ""min_days_last_month"": 10}","{""capital"": 1000000.0, ""k"": 0.7, ""brokerage"": 0.0, ""band"": 0.25, ""tax"": false, ""costs"": true}",3564195caf
2026-09-26T11:22:56,synthetic,net,low_vol12_top10 cap,"{""size"": 500, ""min_price"": 20.0, ""liquidity_months"": 6, ""min_history_months"": 13, ""min_days_last_month"": 10}","{""capital"": 1000000.0, ""k"": 1.5, ""brokerage"": 0.0, ""band"": 0.25, ""tax"": false, ""costs"": true}",18a752b46a
2026-09-26T11:22:56,synthetic,net,low_vol12_top10 cap,"{""size"": 500, ""min_price"": 20.0, ""liquidity_months"": 6, ""min_history_months"": 13, ""min_days_last_month"": 10}","{""capital"": 10000000.0, ""k"": 0.0, ""brokerage"": 0.0, ""band"": 0.25, ""tax"": false, ""costs"": true}",56850de06c
2026-09-26T11:22:56,synthetic,net,low_vol12_top10 cap,"{""size"": 500, ""min_price"": 20.0, ""liquidity_months"": 6, ""min_history_months"": 13, ""min_days_last_month"": 10}","{""capital"": 10000000.0, ""k"": 0.7, ""brokerage"": 0.0, ""band"": 0.25, ""tax"": false, ""costs"": true}",544ff0937e
2026-09-26T11:22:56,synthetic,net,low_vol12_top10 cap,"{""size"": 500, ""min_price"": 20.0, ""liquidity_months"": 6, ""min_history_months"": 13, ""min_days_last_month"": 10}","{""capital"": 10000000.0, ""k"": 1.5, ""brokerage"": 0.0, ""band"": 0.25, ""tax"": false, ""costs"": true}",a8c932873c
2026-09-26T11:22:56,synthetic,net,low_vol12_top10 cap,"{""size"": 500, ""min_price"": 20.0, ""liquidity_months"": 6, ""min_history_months"": 13, ""min_days_last_month"": 10}","{""capital"": 100000000.0, ""k"": 0.0, ""brokerage"": 0.0, ""band"": 0.25, ""tax"": false, ""costs"": true}",28a3659c72
2026-09-26T11:22:56,synthetic,net,low_vol12_top10 cap,"{""size"": 500, ""min_price"": 20.0, ""liquidity_months"": 6, ""min_history_months"": 13, ""min_days_last_month"": 10}","{""capital"": 100000000.0, ""k"": 0.7, ""brokerage"": 0.0, ""band"": 0.25, ""tax"": false, ""costs"": true}",7cd7907e2e
2026-09-26T11:22:56,synthetic,net,low_vol12_top10 cap,"{""size"": 500, ""min_price"": 20.0, ""liquidity_months"": 6, ""min_history_months"": 13, ""min_days_last_month"": 10}","{""capital"": 100000000.0, ""k"": 1.5, ""brokerage"": 0.0, ""band"": 0.25, ""tax"": false, ""costs"": true}",1955971f95
2026-09-26T11:22:56,synthetic,net,low_vol12_top10 cap,"{""size"": 500, ""min_price"": 20.0, ""liquidity_months"": 6, ""min_history_months"": 13, ""min_days_last_month"": 10}","{""capital"": 1000000000.0, ""k"": 0.0, ""brokerage"": 0.0, ""band"": 0.25, ""tax"": false, ""costs"": true}",305402028a
2026-09-26T11:22:56,synthetic,net,low_vol12_top10 cap,"{""size"": 500, ""min_price"": 20.0, ""liquidity_months"": 6, ""min_history_months"": 13, ""min_days_last_month"": 10}","{""capital"": 1000000000.0, ""k"": 0.7, ""brokerage"": 0.0, ""band"": 0.25, ""tax"": false, ""costs"": true}",567ae1476c
2026-09-26T11:22:56,synthetic,net,low_vol12_top10 cap,"{""size"": 500, ""min_price"": 20.0, ""liquidity_months"": 6, ""min_history_months"": 13, ""min_days_last_month"": 10}","{""capital"": 1000000000.0, ""k"": 1.5, ""brokerage"": 0.0, ""band"": 0.25, ""tax"": false, ""costs"": true}",d7cc6f80d9
2026-09-26T11:22:56,synthetic,net,reversal_top10 cap,"{""size"": 500, ""min_price"": 20.0, ""liquidity_months"": 6, ""min_history_months"": 13, ""min_days_last_month"": 10}","{""capital"": 1000000.0, ""k"": 0.0, ""brokerage"": 0.0, ""band"": 0.25, ""tax"": false, ""costs"": true}",6e0be7fb76
2026-09-26T11:22:56,synthetic,net,reversal_top10 cap,"{""size"": 500, ""min_price"": 20.0, ""liquidity_months"": 6, ""min_history_months"": 13, ""min_days_last_month"": 10}","{""capital"": 1000000.0, ""k"": 0.7, ""brokerage"": 0.0, ""band"": 0.25, ""tax"": false, ""costs"": true}",dff2a5e542
2026-09-26T11:22:57,synthetic,net,reversal_top10 cap,"{""size"": 500, ""min_price"": 20.0, ""liquidity_months"": 6, ""min_history_months"": 13, ""min_days_last_month"": 10}","{""capital"": 1000000.0, ""k"": 1.5, ""brokerage"": 0.0, ""band"": 0.25, ""tax"": false, ""costs"": true}",9fea3212d8
2026-09-26T11:22:57,synthetic,net,reversal_top10 cap,"{""size"": 500, ""min_price"": 20.0, ""liquidity_months"": 6, ""min_history_months"": 13, ""min_days_last_month"": 10}","{""capital"": 10000000.0, ""k"": 0.0, ""brokerage"": 0.0, ""band"": 0.25, ""tax"": false, ""costs"": true}",c06281f1b9
2026-09-26T11:22:57,synthetic,net,reversal_top10 cap,"{""size"": 500, ""min_price"": 20.0, ""liquidity_months"": 6, ""min_history_months"": 13, ""min_days_last_month"": 10}","{""capital"": 10000000.0, ""k"": 0.7, ""brokerage"": 0.0, ""band"": 0.25, ""tax"": false, ""costs"": true}",eb54648b12
2026-09-26T11:22:57,synthetic,net,reversal_top10 cap,"{""size"": 500, ""min_price"": 20.0, ""liquidity_months"": 6, ""min_history_months"": 13, ""min_days_last_month"": 10}","{""capital"": 10000000.0, ""k"": 1.5, ""brokerage"": 0.0, ""band"": 0.25, ""tax"": false, ""costs"": true}",ffc4dc89ab
2026-09-26T11:22:57,synthetic,net,reversal_top10 cap,"{""size"": 500, ""min_price"": 20.0, ""liquidity_months"": 6, ""min_history_months"": 13, ""min_days_last_month"": 10}","{""capital"": 100000000.0, ""k"": 0.0, ""brokerage"": 0.0, ""band"": 0.25, ""tax"": false, ""costs"": true}",03f21e589f
2026-09-26T11:22:57,synthetic,net,reversal_top10 cap,"{""size"": 500, ""min_price"": 20.0, ""liquidity_months"": 6, ""min_history_months"": 13, ""min_days_last_month"": 10}","{""capital"": 100000000.0, ""k"": 0.7, ""brokerage"": 0.0, ""band"": 0.25, ""tax"": false, ""costs"": true}",58fb13bb98
2026-09-26T11:22:57,synthetic,net,reversal_top10 cap,"{""size"": 500, ""min_price"": 20.0, ""liquidity_months"": 6, ""min_history_months"": 13, ""min_days_last_month"": 10}","{""capital"": 100000000.0, ""k"": 1.5, ""brokerage"": 0.0, ""band"": 0.25, ""tax"": false, ""costs"": true}",89815d6e82
2026-09-26T11:22:57,synthetic,net,reversal_top10 cap,"{""size"": 500, ""min_price"": 20.0, ""liquidity_months"": 6, ""min_history_months"": 13, ""min_days_last_month"": 10}","{""capital"": 1000000000.0, ""k"": 0.0, ""brokerage"": 0.0, ""band"": 0.25, ""tax"": false, ""costs"": true}",bc01998fda
2026-09-26T11:22:57,synthetic,net,reversal_top10 cap,"{""size"": 500, ""min_price"": 20.0, ""liquidity_months"": 6, ""min_history_months"": 13, ""min_days_last_month"": 10}","{""capital"": 1000000000.0, ""k"": 0.7, ""brokerage"": 0.0, ""band"": 0.25, ""tax"": false, ""costs"": true}",d9f1128a54
2026-09-26T11:22:57,synthetic,net,reversal_top10 cap,"{""size"": 500, ""min_price"": 20.0, ""liquidity_months"": 6, ""min_history_months"": 13, ""min_days_last_month"": 10}","{""capital"": 1000000000.0, ""k"": 1.5, ""brokerage"": 0.0, ""band"": 0.25, ""tax"": false, ""costs"": true}",e682283574
2026-09-26T11:22:57,synthetic,gross,momentum12_top10,"{""size"": 500, ""min_price"": 20.0, ""liquidity_months"": 6, ""min_history_months"": 13, ""min_days_last_month"": 10}",{},964deb182c
2026-09-26T11:22:57,synthetic,gross,momentum12_top20,"{""size"": 500, ""min_price"": 20.0, ""liquidity_months"": 6, ""min_history_months"": 13, ""min_days_last_month"": 10}",{},9329976f06
2026-09-26T11:22:57,synthetic,gross,momentum6_top10,"{""size"": 500, ""min_price"": 20.0, ""liquidity_months"": 6, ""min_history_months"": 13, ""min_days_last_month"": 10}",{},087502cf3c
2026-09-26T11:22:57,synthetic,gross,momentum6_top20,"{""size"": 500, ""min_price"": 20.0, ""liquidity_months"": 6, ""min_history_months"": 13, ""min_days_last_month"": 10}",{},51ce893617
2026-09-26T11:22:57,synthetic,gross,reversal_top10,"{""size"": 500, ""min_price"": 20.0, ""liquidity_months"": 6, ""min_history_months"": 13, ""min_days_last_month"": 10}",{},654bed6319
2026-09-26T11:22:57,synthetic,gross,reversal_top20,"{""size"": 500, ""min_price"": 20.0, ""liquidity_months"": 6, ""min_history_months"": 13, ""min_days_last_month"": 10}",{},b240be8cd0
2026-09-26T11:22:57,synthetic,gross,low_vol12_top10,"{""size"": 500, ""min_price"": 20.0, ""liquidity_months"": 6, ""min_history_months"": 13, ""min_days_last_month"": 10}",{},5c45cd0e37
2026-09-26T11:22:57,synthetic,gross,low_vol12_top20,"{""size"": 500, ""min_price"": 20.0, ""liquidity_months"": 6, ""min_history_months"": 13, ""min_days_last_month"": 10}",{},45179d7ed8
2026-09-26T11:22:58,synthetic,gross,low_vol6_top10,"{""size"": 500, ""min_price"": 20.0, ""liquidity_months"": 6, ""min_history_months"": 13, ""min_days_last_month"": 10}",{},8c44fa5ce4
2026-09-26T11:22:58,synthetic,gross,low_vol6_top20,"{""size"": 500, ""min_price"": 20.0, ""liquidity_months"": 6, ""min_history_months"": 13, ""min_days_last_month"": 10}",{},d622d50f15
2026-09-26T11:22:58,synthetic,gross,high_52w_top10,"{""size"": 500, ""min_price"": 20.0, ""liquidity_months"": 6, ""min_history_months"": 13, ""min_days_last_month"": 10}",{},127fec8cf4
2026-09-26T11:22:58,synthetic,gross,high_52w_top20,"{""size"": 500, ""min_price"": 20.0, ""liquidity_months"": 6, ""min_history_months"": 13, ""min_days_last_month"": 10}",{},4826086b24
2026-09-26T11:23:03,synthetic,gross_long_short,momentum12_top10,"{""size"": 500, ""min_price"": 20.0, ""liquidity_months"": 6, ""min_history_months"": 13, ""min_days_last_month"": 10}",{},8ee8cb7666
2026-09-26T11:23:03,synthetic,gross_long_short,reversal_top10,"{""size"": 500, ""min_price"": 20.0, ""liquidity_months"": 6, ""min_history_months"": 13, ""min_days_last_month"": 10}",{},a792591c0d
2026-09-26T11:33:58,synthetic,gross,same_universe_ew,"{""size"": 500, ""min_price"": 20.0, ""liquidity_months"": 6, ""min_history_months"": 13, ""min_days_last_month"": 10}",{},8435cb8d9c
2026-09-26T11:33:58,synthetic,net,same-universe EW,"{""size"": 500, ""min_price"": 20.0, ""liquidity_months"": 6, ""min_history_months"": 13, ""min_days_last_month"": 10}","{""capital"": 1000000.0, ""k"": 0.7, ""brokerage"": 0.0, ""band"": 0.25, ""tax"": false, ""costs"": true}",ac9335f660
2026-09-26T11:33:58,synthetic,net,same-universe EW,"{""size"": 500, ""min_price"": 20.0, ""liquidity_months"": 6, ""min_history_months"": 13, ""min_days_last_month"": 10}","{""capital"": 1000000.0, ""k"": 0.7, ""brokerage"": 0.0, ""band"": 0.25, ""tax"": true, ""costs"": true}",21dd80985e
2026-09-26T11:33:59,synthetic,net,same-universe EW,"{""size"": 500, ""min_price"": 20.0, ""liquidity_months"": 6, ""min_history_months"": 13, ""min_days_last_month"": 10}","{""capital"": 1000000.0, ""k"": 0.7, ""brokerage"": 0.003, ""band"": 0.25, ""tax"": false, ""costs"": true}",5f149034d5
2026-09-26T11:33:59,synthetic,net,H1 momentum12_top10,"{""size"": 500, ""min_price"": 20.0, ""liquidity_months"": 6, ""min_history_months"": 13, ""min_days_last_month"": 10}","{""capital"": 1000000.0, ""k"": 0.7, ""brokerage"": 0.0, ""band"": 0.25, ""tax"": false, ""costs"": true}",41c549a86e
2026-09-26T11:33:59,synthetic,net,H1 momentum12_top10,"{""size"": 500, ""min_price"": 20.0, ""liquidity_months"": 6, ""min_history_months"": 13, ""min_days_last_month"": 10}","{""capital"": 1000000.0, ""k"": 0.7, ""brokerage"": 0.0, ""band"": 0.25, ""tax"": true, ""costs"": true}",82f41a147c
2026-09-26T11:33:59,synthetic,net,H1 momentum12_top10,"{""size"": 500, ""min_price"": 20.0, ""liquidity_months"": 6, ""min_history_months"": 13, ""min_days_last_month"": 10}","{""capital"": 1000000.0, ""k"": 0.7, ""brokerage"": 0.003, ""band"": 0.25, ""tax"": false, ""costs"": true}",abe3a755a3
2026-09-26T11:33:59,synthetic,net,H4 low_vol12_top10,"{""size"": 500, ""min_price"": 20.0, ""liquidity_months"": 6, ""min_history_months"": 13, ""min_days_last_month"": 10}","{""capital"": 1000000.0, ""k"": 0.7, ""brokerage"": 0.0, ""band"": 0.25, ""tax"": false, ""costs"": true}",8a84b055eb
2026-09-26T11:33:59,synthetic,net,H4 low_vol12_top10,"{""size"": 500, ""min_price"": 20.0, ""liquidity_months"": 6, ""min_history_months"": 13, ""min_days_last_month"": 10}","{""capital"": 1000000.0, ""k"": 0.7, ""brokerage"": 0.0, ""band"": 0.25, ""tax"": true, ""costs"": true}",f263b6fae6
2026-09-26T11:33:59,synthetic,net,H4 low_vol12_top10,"{""size"": 500, ""min_price"": 20.0, ""liquidity_months"": 6, ""min_history_months"": 13, ""min_days_last_month"": 10}","{""capital"": 1000000.0, ""k"": 0.7, ""brokerage"": 0.003, ""band"": 0.25, ""tax"": false, ""costs"": true}",98c2f6e917
2026-09-26T11:33:59,synthetic,net,H5 reversal_top10,"{""size"": 500, ""min_price"": 20.0, ""liquidity_months"": 6, ""min_history_months"": 13, ""min_days_last_month"": 10}","{""capital"": 1000000.0, ""k"": 0.7, ""brokerage"": 0.0, ""band"": 0.25, ""tax"": false, ""costs"": true}",c556260a0a
2026-09-26T11:33:59,synthetic,net,H5 reversal_top10,"{""size"": 500, ""min_price"": 20.0, ""liquidity_months"": 6, ""min_history_months"": 13, ""min_days_last_month"": 10}","{""capital"": 1000000.0, ""k"": 0.7, ""brokerage"": 0.0, ""band"": 0.25, ""tax"": true, ""costs"": true}",a374fcf53d
2026-09-26T11:33:59,synthetic,net,H5 reversal_top10,"{""size"": 500, ""min_price"": 20.0, ""liquidity_months"": 6, ""min_history_months"": 13, ""min_days_last_month"": 10}","{""capital"": 1000000.0, ""k"": 0.7, ""brokerage"": 0.003, ""band"": 0.25, ""tax"": false, ""costs"": true}",0841867e48
2026-09-26T11:34:00,synthetic,net,momentum12_top10 cap,"{""size"": 500, ""min_price"": 20.0, ""liquidity_months"": 6, ""min_history_months"": 13, ""min_days_last_month"": 10}","{""capital"": 1000000.0, ""k"": 0.0, ""brokerage"": 0.0, ""band"": 0.25, ""tax"": false, ""costs"": true}",d56e95a4f5
2026-09-26T11:34:00,synthetic,net,momentum12_top10 cap,"{""size"": 500, ""min_price"": 20.0, ""liquidity_months"": 6, ""min_history_months"": 13, ""min_days_last_month"": 10}","{""capital"": 1000000.0, ""k"": 0.7, ""brokerage"": 0.0, ""band"": 0.25, ""tax"": false, ""costs"": true}",ed9c7ae31c
2026-09-26T11:34:00,synthetic,net,momentum12_top10 cap,"{""size"": 500, ""min_price"": 20.0, ""liquidity_months"": 6, ""min_history_months"": 13, ""min_days_last_month"": 10}","{""capital"": 1000000.0, ""k"": 1.5, ""brokerage"": 0.0, ""band"": 0.25, ""tax"": false, ""costs"": true}",a222a3a4f3
2026-09-26T11:34:00,synthetic,net,momentum12_top10 cap,"{""size"": 500, ""min_price"": 20.0, ""liquidity_months"": 6, ""min_history_months"": 13, ""min_days_last_month"": 10}","{""capital"": 10000000.0, ""k"": 0.0, ""brokerage"": 0.0, ""band"": 0.25, ""tax"": false, ""costs"": true}",ae407173d4
2026-09-26T11:34:00,synthetic,net,momentum12_top10 cap,"{""size"": 500, ""min_price"": 20.0, ""liquidity_months"": 6, ""min_history_months"": 13, ""min_days_last_month"": 10}","{""capital"": 10000000.0, ""k"": 0.7, ""brokerage"": 0.0, ""band"": 0.25, ""tax"": false, ""costs"": true}",8eff08a9d4
2026-09-26T11:34:00,synthetic,net,momentum12_top10 cap,"{""size"": 500, ""min_price"": 20.0, ""liquidity_months"": 6, ""min_history_months"": 13, ""min_days_last_month"": 10}","{""capital"": 10000000.0, ""k"": 1.5, ""brokerage"": 0.0, ""band"": 0.25, ""tax"": false, ""costs"": true}",c93d8a26f7
2026-09-26T11:34:00,synthetic,net,momentum12_top10 cap,"{""size"": 500, ""min_price"": 20.0, ""liquidity_months"": 6, ""min_history_months"": 13, ""min_days_last_month"": 10}","{""capital"": 100000000.0, ""k"": 0.0, ""brokerage"": 0.0, ""band"": 0.25, ""tax"": false, ""costs"": true}",4c7fcc3b04
2026-09-26T11:34:00,synthetic,net,momentum12_top10 cap,"{""size"": 500, ""min_price"": 20.0, ""liquidity_months"": 6, ""min_history_months"": 13, ""min_days_last_month"": 10}","{""capital"": 100000000.0, ""k"": 0.7, ""brokerage"": 0.0, ""band"": 0.25, ""tax"": false, ""costs"": true}",180e2b66c0
2026-09-26T11:34:00,synthetic,net,momentum12_top10 cap,"{""size"": 500, ""min_price"": 20.0, ""liquidity_months"": 6, ""min_history_months"": 13, ""min_days_last_month"": 10}","{""capital"": 100000000.0, ""k"": 1.5, ""brokerage"": 0.0, ""band"": 0.25, ""tax"": false, ""costs"": true}",d4a35348b4
2026-09-26T11:34:00,synthetic,net,momentum12_top10 cap,"{""size"": 500, ""min_price"": 20.0, ""liquidity_months"": 6, ""min_history_months"": 13, ""min_days_last_month"": 10}","{""capital"": 1000000000.0, ""k"": 0.0, ""brokerage"": 0.0, ""band"": 0.25, ""tax"": false, ""costs"": true}",fba5cb135b
2026-09-26T11:34:00,synthetic,net,momentum12_top10 cap,"{""size"": 500, ""min_price"": 20.0, ""liquidity_months"": 6, ""min_history_months"": 13, ""min_days_last_month"": 10}","{""capital"": 1000000000.0, ""k"": 0.7, ""brokerage"": 0.0, ""band"": 0.25, ""tax"": false, ""costs"": true}",72b93d32f9
2026-09-26T11:34:00,synthetic,net,momentum12_top10 cap,"{""size"": 500, ""min_price"": 20.0, ""liquidity_months"": 6, ""min_history_months"": 13, ""min_days_last_month"": 10}","{""capital"": 1000000000.0, ""k"": 1.5, ""brokerage"": 0.0, ""band"": 0.25, ""tax"": false, ""costs"": true}",f46232c24b
2026-09-26T11:34:00,synthetic,net,low_vol12_top10 cap,"{""size"": 500, ""min_price"": 20.0, ""liquidity_months"": 6, ""min_history_months"": 13, ""min_days_last_month"": 10}","{""capital"": 1000000.0, ""k"": 0.0, ""brokerage"": 0.0, ""band"": 0.25, ""tax"": false, ""costs"": true}",4908949f34
2026-09-26T11:34:00,synthetic,net,low_vol12_top10 cap,"{""size"": 500, ""min_price"": 20.0, ""liquidity_months"": 6, ""min_history_months"": 13, ""min_days_last_month"": 10}","{""capital"": 1000000.0, ""k"": 0.7, ""brokerage"": 0.0, ""band"": 0.25, ""tax"": false, ""costs"": true}",45b9ce9beb
2026-09-26T11:34:00,synthetic,net,low_vol12_top10 cap,"{""size"": 500, ""min_price"": 20.0, ""liquidity_months"": 6, ""min_history_months"": 13, ""min_days_last_month"": 10}","{""capital"": 1000000.0, ""k"": 1.5, ""brokerage"": 0.0, ""band"": 0.25, ""tax"": false, ""costs"": true}",e21e8727c5
2026-09-26T11:34:00,synthetic,net,low_vol12_top10 cap,"{""size"": 500, ""min_price"": 20.0, ""liquidity_months"": 6, ""min_history_months"": 13, ""min_days_last_month"": 10}","{""capital"": 10000000.0, ""k"": 0.0, ""brokerage"": 0.0, ""band"": 0.25, ""tax"": false, ""costs"": true}",dccf05bce5
2026-09-26T11:34:00,synthetic,net,low_vol12_top10 cap,"{""size"": 500, ""min_price"": 20.0, ""liquidity_months"": 6, ""min_history_months"": 13, ""min_days_last_month"": 10}","{""capital"": 10000000.0, ""k"": 0.7, ""brokerage"": 0.0, ""band"": 0.25, ""tax"": false, ""costs"": true}",c2778535d3
2026-09-26T11:34:01,synthetic,net,low_vol12_top10 cap,"{""size"": 500, ""min_price"": 20.0, ""liquidity_months"": 6, ""min_history_months"": 13, ""min_days_last_month"": 10}","{""capital"": 10000000.0, ""k"": 1.5, ""brokerage"": 0.0, ""band"": 0.25, ""tax"": false, ""costs"": true}",cc955ee973
2026-09-26T11:34:01,synthetic,net,low_vol12_top10 cap,"{""size"": 500, ""min_price"": 20.0, ""liquidity_months"": 6, ""min_history_months"": 13, ""min_days_last_month"": 10}","{""capital"": 100000000.0, ""k"": 0.0, ""brokerage"": 0.0, ""band"": 0.25, ""tax"": false, ""costs"": true}",9bbc6e337e
2026-09-26T11:34:01,synthetic,net,low_vol12_top10 cap,"{""size"": 500, ""min_price"": 20.0, ""liquidity_months"": 6, ""min_history_months"": 13, ""min_days_last_month"": 10}","{""capital"": 100000000.0, ""k"": 0.7, ""brokerage"": 0.0, ""band"": 0.25, ""tax"": false, ""costs"": true}",969e469d85
2026-09-26T11:34:01,synthetic,net,low_vol12_top10 cap,"{""size"": 500, ""min_price"": 20.0, ""liquidity_months"": 6, ""min_history_months"": 13, ""min_days_last_month"": 10}","{""capital"": 100000000.0, ""k"": 1.5, ""brokerage"": 0.0, ""band"": 0.25, ""tax"": false, ""costs"": true}",a2489d8fb9
2026-09-26T11:34:01,synthetic,net,low_vol12_top10 cap,"{""size"": 500, ""min_price"": 20.0, ""liquidity_months"": 6, ""min_history_months"": 13, ""min_days_last_month"": 10}","{""capital"": 1000000000.0, ""k"": 0.0, ""brokerage"": 0.0, ""band"": 0.25, ""tax"": false, ""costs"": true}",d40b6e1a65
2026-09-26T11:34:01,synthetic,net,low_vol12_top10 cap,"{""size"": 500, ""min_price"": 20.0, ""liquidity_months"": 6, ""min_history_months"": 13, ""min_days_last_month"": 10}","{""capital"": 1000000000.0, ""k"": 0.7, ""brokerage"": 0.0, ""band"": 0.25, ""tax"": false, ""costs"": true}",efd479f63b
2026-09-26T11:34:01,synthetic,net,low_vol12_top10 cap,"{""size"": 500, ""min_price"": 20.0, ""liquidity_months"": 6, ""min_history_months"": 13, ""min_days_last_month"": 10}","{""capital"": 1000000000.0, ""k"": 1.5, ""brokerage"": 0.0, ""band"": 0.25, ""tax"": false, ""costs"": true}",272536a7a2
2026-09-26T11:34:01,synthetic,net,reversal_top10 cap,"{""size"": 500, ""min_price"": 20.0, ""liquidity_months"": 6, ""min_history_months"": 13, ""min_days_last_month"": 10}","{""capital"": 1000000.0, ""k"": 0.0, ""brokerage"": 0.0, ""band"": 0.25, ""tax"": false, ""costs"": true}",d8f8082549
2026-09-26T11:34:01,synthetic,net,reversal_top10 cap,"{""size"": 500, ""min_price"": 20.0, ""liquidity_months"": 6, ""min_history_months"": 13, ""min_days_last_month"": 10}","{""capital"": 1000000.0, ""k"": 0.7, ""brokerage"": 0.0, ""band"": 0.25, ""tax"": false, ""costs"": true}",ef525ba0d4
2026-09-26T11:34:01,synthetic,net,reversal_top10 cap,"{""size"": 500, ""min_price"": 20.0, ""liquidity_months"": 6, ""min_history_months"": 13, ""min_days_last_month"": 10}","{""capital"": 1000000.0, ""k"": 1.5, ""brokerage"": 0.0, ""band"": 0.25, ""tax"": false, ""costs"": true}",d90f7cbc2b
2026-09-26T11:34:01,synthetic,net,reversal_top10 cap,"{""size"": 500, ""min_price"": 20.0, ""liquidity_months"": 6, ""min_history_months"": 13, ""min_days_last_month"": 10}","{""capital"": 10000000.0, ""k"": 0.0, ""brokerage"": 0.0, ""band"": 0.25, ""tax"": false, ""costs"": true}",4eb1b85429
2026-09-26T11:34:01,synthetic,net,reversal_top10 cap,"{""size"": 500, ""min_price"": 20.0, ""liquidity_months"": 6, ""min_history_months"": 13, ""min_days_last_month"": 10}","{""capital"": 10000000.0, ""k"": 0.7, ""brokerage"": 0.0, ""band"": 0.25, ""tax"": false, ""costs"": true}",fbd65e8954
2026-09-26T11:34:01,synthetic,net,reversal_top10 cap,"{""size"": 500, ""min_price"": 20.0, ""liquidity_months"": 6, ""min_history_months"": 13, ""min_days_last_month"": 10}","{""capital"": 10000000.0, ""k"": 1.5, ""brokerage"": 0.0, ""band"": 0.25, ""tax"": false, ""costs"": true}",1719966c41
2026-09-26T11:34:01,synthetic,net,reversal_top10 cap,"{""size"": 500, ""min_price"": 20.0, ""liquidity_months"": 6, ""min_history_months"": 13, ""min_days_last_month"": 10}","{""capital"": 100000000.0, ""k"": 0.0, ""brokerage"": 0.0, ""band"": 0.25, ""tax"": false, ""costs"": true}",56c8a3127d
2026-09-26T11:34:01,synthetic,net,reversal_top10 cap,"{""size"": 500, ""min_price"": 20.0, ""liquidity_months"": 6, ""min_history_months"": 13, ""min_days_last_month"": 10}","{""capital"": 100000000.0, ""k"": 0.7, ""brokerage"": 0.0, ""band"": 0.25, ""tax"": false, ""costs"": true}",c62a8804ec
2026-09-26T11:34:01,synthetic,net,reversal_top10 cap,"{""size"": 500, ""min_price"": 20.0, ""liquidity_months"": 6, ""min_history_months"": 13, ""min_days_last_month"": 10}","{""capital"": 100000000.0, ""k"": 1.5, ""brokerage"": 0.0, ""band"": 0.25, ""tax"": false, ""costs"": true}",ed88392ab6
2026-09-26T11:34:01,synthetic,net,reversal_top10 cap,"{""size"": 500, ""min_price"": 20.0, ""liquidity_months"": 6, ""min_history_months"": 13, ""min_days_last_month"": 10}","{""capital"": 1000000000.0, ""k"": 0.0, ""brokerage"": 0.0, ""band"": 0.25, ""tax"": false, ""costs"": true}",37c6015d55
2026-09-26T11:34:01,synthetic,net,reversal_top10 cap,"{""size"": 500, ""min_price"": 20.0, ""liquidity_months"": 6, ""min_history_months"": 13, ""min_days_last_month"": 10}","{""capital"": 1000000000.0, ""k"": 0.7, ""brokerage"": 0.0, ""band"": 0.25, ""tax"": false, ""costs"": true}",3748efec8b
2026-09-26T11:34:01,synthetic,net,reversal_top10 cap,"{""size"": 500, ""min_price"": 20.0, ""liquidity_months"": 6, ""min_history_months"": 13, ""min_days_last_month"": 10}","{""capital"": 1000000000.0, ""k"": 1.5, ""brokerage"": 0.0, ""band"": 0.25, ""tax"": false, ""costs"": true}",4a92f09da0
2026-09-26T11:34:01,synthetic,gross,momentum12_top10,"{""size"": 500, ""min_price"": 20.0, ""liquidity_months"": 6, ""min_history_months"": 13, ""min_days_last_month"": 10}",{},cc507c0dce
2026-09-26T11:34:02,synthetic,gross,momentum12_top20,"{""size"": 500, ""min_price"": 20.0, ""liquidity_months"": 6, ""min_history_months"": 13, ""min_days_last_month"": 10}",{},9be9f5367a
2026-09-26T11:34:02,synthetic,gross,momentum6_top10,"{""size"": 500, ""min_price"": 20.0, ""liquidity_months"": 6, ""min_history_months"": 13, ""min_days_last_month"": 10}",{},a509ed1c20
2026-09-26T11:34:02,synthetic,gross,momentum6_top20,"{""size"": 500, ""min_price"": 20.0, ""liquidity_months"": 6, ""min_history_months"": 13, ""min_days_last_month"": 10}",{},34e69ba0f5
2026-09-26T11:34:02,synthetic,gross,reversal_top10,"{""size"": 500, ""min_price"": 20.0, ""liquidity_months"": 6, ""min_history_months"": 13, ""min_days_last_month"": 10}",{},ca96f71e04
2026-09-26T11:34:02,synthetic,gross,reversal_top20,"{""size"": 500, ""min_price"": 20.0, ""liquidity_months"": 6, ""min_history_months"": 13, ""min_days_last_month"": 10}",{},03e6a40b59
2026-09-26T11:34:02,synthetic,gross,low_vol12_top10,"{""size"": 500, ""min_price"": 20.0, ""liquidity_months"": 6, ""min_history_months"": 13, ""min_days_last_month"": 10}",{},e26ce3fede
2026-09-26T11:34:02,synthetic,gross,low_vol12_top20,"{""size"": 500, ""min_price"": 20.0, ""liquidity_months"": 6, ""min_history_months"": 13, ""min_days_last_month"": 10}",{},ac6e84a431
2026-09-26T11:34:02,synthetic,gross,low_vol6_top10,"{""size"": 500, ""min_price"": 20.0, ""liquidity_months"": 6, ""min_history_months"": 13, ""min_days_last_month"": 10}",{},106acbb79f
2026-09-26T11:34:02,synthetic,gross,low_vol6_top20,"{""size"": 500, ""min_price"": 20.0, ""liquidity_months"": 6, ""min_history_months"": 13, ""min_days_last_month"": 10}",{},5721586412
2026-09-26T11:34:02,synthetic,gross,high_52w_top10,"{""size"": 500, ""min_price"": 20.0, ""liquidity_months"": 6, ""min_history_months"": 13, ""min_days_last_month"": 10}",{},6e2e8787c0
2026-09-26T11:34:02,synthetic,gross,high_52w_top20,"{""size"": 500, ""min_price"": 20.0, ""liquidity_months"": 6, ""min_history_months"": 13, ""min_days_last_month"": 10}",{},53021f8812
2026-09-26T11:34:09,synthetic,gross_long_short,momentum12_top10,"{""size"": 500, ""min_price"": 20.0, ""liquidity_months"": 6, ""min_history_months"": 13, ""min_days_last_month"": 10}",{},941bd7a274
2026-09-26T11:34:09,synthetic,gross_long_short,reversal_top10,"{""size"": 500, ""min_price"": 20.0, ""liquidity_months"": 6, ""min_history_months"": 13, ""min_days_last_month"": 10}",{},9dd032c590
2026-09-26T11:40:19,synthetic,gross,same_universe_ew,"{""size"": 500, ""min_price"": 20.0, ""liquidity_months"": 6, ""min_history_months"": 13, ""min_days_last_month"": 10}",{},1cdeffba2e
2026-09-26T11:40:19,synthetic,gross,momentum12_top10,"{""size"": 500, ""min_price"": 20.0, ""liquidity_months"": 6, ""min_history_months"": 13, ""min_days_last_month"": 10}",{},943d332fc4
2026-09-26T11:40:20,synthetic,gross_long_short,momentum12_top10,"{""size"": 500, ""min_price"": 20.0, ""liquidity_months"": 6, ""min_history_months"": 13, ""min_days_last_month"": 10}",{},6c4ebbf497
2026-09-26T11:40:20,synthetic,gross,momentum12_top20,"{""size"": 500, ""min_price"": 20.0, ""liquidity_months"": 6, ""min_history_months"": 13, ""min_days_last_month"": 10}",{},0c8d35b4bb
2026-09-26T11:40:20,synthetic,gross_long_short,momentum12_top20,"{""size"": 500, ""min_price"": 20.0, ""liquidity_months"": 6, ""min_history_months"": 13, ""min_days_last_month"": 10}",{},069a678bba
2026-09-26T11:40:20,synthetic,gross,momentum6_top10,"{""size"": 500, ""min_price"": 20.0, ""liquidity_months"": 6, ""min_history_months"": 13, ""min_days_last_month"": 10}",{},500eb44e73
2026-09-26T11:40:20,synthetic,gross_long_short,momentum6_top10,"{""size"": 500, ""min_price"": 20.0, ""liquidity_months"": 6, ""min_history_months"": 13, ""min_days_last_month"": 10}",{},cddeff2264
2026-09-26T11:40:20,synthetic,gross,momentum6_top20,"{""size"": 500, ""min_price"": 20.0, ""liquidity_months"": 6, ""min_history_months"": 13, ""min_days_last_month"": 10}",{},6963e040e1
2026-09-26T11:40:20,synthetic,gross_long_short,momentum6_top20,"{""size"": 500, ""min_price"": 20.0, ""liquidity_months"": 6, ""min_history_months"": 13, ""min_days_last_month"": 10}",{},bc0ce9e0bf
2026-09-26T11:40:20,synthetic,gross,reversal_top10,"{""size"": 500, ""min_price"": 20.0, ""liquidity_months"": 6, ""min_history_months"": 13, ""min_days_last_month"": 10}",{},d39d779d21
2026-09-26T11:40:20,synthetic,gross_long_short,reversal_top10,"{""size"": 500, ""min_price"": 20.0, ""liquidity_months"": 6, ""min_history_months"": 13, ""min_days_last_month"": 10}",{},db39a500ab
2026-09-26T11:40:20,synthetic,gross,reversal_top20,"{""size"": 500, ""min_price"": 20.0, ""liquidity_months"": 6, ""min_history_months"": 13, ""min_days_last_month"": 10}",{},363fb526a9
2026-09-26T11:40:20,synthetic,gross_long_short,reversal_top20,"{""size"": 500, ""min_price"": 20.0, ""liquidity_months"": 6, ""min_history_months"": 13, ""min_days_last_month"": 10}",{},0ec5619ec6
2026-09-26T11:40:20,synthetic,gross,low_vol12_top10,"{""size"": 500, ""min_price"": 20.0, ""liquidity_months"": 6, ""min_history_months"": 13, ""min_days_last_month"": 10}",{},7786b66697
2026-09-26T11:40:20,synthetic,gross_long_short,low_vol12_top10,"{""size"": 500, ""min_price"": 20.0, ""liquidity_months"": 6, ""min_history_months"": 13, ""min_days_last_month"": 10}",{},5ea1cb7707
2026-09-26T11:40:20,synthetic,gross,low_vol12_top20,"{""size"": 500, ""min_price"": 20.0, ""liquidity_months"": 6, ""min_history_months"": 13, ""min_days_last_month"": 10}",{},880ae7c238
2026-09-26T11:40:21,synthetic,gross_long_short,low_vol12_top20,"{""size"": 500, ""min_price"": 20.0, ""liquidity_months"": 6, ""min_history_months"": 13, ""min_days_last_month"": 10}",{},89d85dd79d
2026-09-26T11:40:21,synthetic,gross,low_vol6_top10,"{""size"": 500, ""min_price"": 20.0, ""liquidity_months"": 6, ""min_history_months"": 13, ""min_days_last_month"": 10}",{},5cc18964ee
2026-09-26T11:40:21,synthetic,gross_long_short,low_vol6_top10,"{""size"": 500, ""min_price"": 20.0, ""liquidity_months"": 6, ""min_history_months"": 13, ""min_days_last_month"": 10}",{},63d2ea48dd
2026-09-26T11:40:21,synthetic,gross,low_vol6_top20,"{""size"": 500, ""min_price"": 20.0, ""liquidity_months"": 6, ""min_history_months"": 13, ""min_days_last_month"": 10}",{},87e2e1fde7
2026-09-26T11:40:22,synthetic,gross_long_short,low_vol6_top20,"{""size"": 500, ""min_price"": 20.0, ""liquidity_months"": 6, ""min_history_months"": 13, ""min_days_last_month"": 10}",{},26cd877927
2026-09-26T11:40:22,synthetic,gross,high_52w_top10,"{""size"": 500, ""min_price"": 20.0, ""liquidity_months"": 6, ""min_history_months"": 13, ""min_days_last_month"": 10}",{},00a7e56a69
2026-09-26T11:40:22,synthetic,gross_long_short,high_52w_top10,"{""size"": 500, ""min_price"": 20.0, ""liquidity_months"": 6, ""min_history_months"": 13, ""min_days_last_month"": 10}",{},a10057e9ff
2026-09-26T11:40:22,synthetic,gross,high_52w_top20,"{""size"": 500, ""min_price"": 20.0, ""liquidity_months"": 6, ""min_history_months"": 13, ""min_days_last_month"": 10}",{},f4541397d7
2026-09-26T11:40:22,synthetic,gross_long_short,high_52w_top20,"{""size"": 500, ""min_price"": 20.0, ""liquidity_months"": 6, ""min_history_months"": 13, ""min_days_last_month"": 10}",{},d72c5d39ed
2026-09-26T11:40:28,synthetic,gross,same_universe_ew,"{""size"": 500, ""min_price"": 20.0, ""liquidity_months"": 6, ""min_history_months"": 13, ""min_days_last_month"": 10}",{},07c53cb831
2026-09-26T11:40:28,synthetic,net,same-universe EW,"{""size"": 500, ""min_price"": 20.0, ""liquidity_months"": 6, ""min_history_months"": 13, ""min_days_last_month"": 10}","{""capital"": 1000000.0, ""k"": 0.7, ""brokerage"": 0.0, ""band"": 0.25, ""tax"": false, ""costs"": true}",0771118f40
2026-09-26T11:40:28,synthetic,net,same-universe EW,"{""size"": 500, ""min_price"": 20.0, ""liquidity_months"": 6, ""min_history_months"": 13, ""min_days_last_month"": 10}","{""capital"": 1000000.0, ""k"": 0.7, ""brokerage"": 0.0, ""band"": 0.25, ""tax"": true, ""costs"": true}",f841ec0e02
2026-09-26T11:40:28,synthetic,net,same-universe EW,"{""size"": 500, ""min_price"": 20.0, ""liquidity_months"": 6, ""min_history_months"": 13, ""min_days_last_month"": 10}","{""capital"": 1000000.0, ""k"": 0.7, ""brokerage"": 0.003, ""band"": 0.25, ""tax"": false, ""costs"": true}",5fb43612d6
2026-09-26T11:40:28,synthetic,net,H1 momentum12_top10,"{""size"": 500, ""min_price"": 20.0, ""liquidity_months"": 6, ""min_history_months"": 13, ""min_days_last_month"": 10}","{""capital"": 1000000.0, ""k"": 0.7, ""brokerage"": 0.0, ""band"": 0.25, ""tax"": false, ""costs"": true}",43b12edd5c
2026-09-26T11:40:28,synthetic,net,H1 momentum12_top10,"{""size"": 500, ""min_price"": 20.0, ""liquidity_months"": 6, ""min_history_months"": 13, ""min_days_last_month"": 10}","{""capital"": 1000000.0, ""k"": 0.7, ""brokerage"": 0.0, ""band"": 0.25, ""tax"": true, ""costs"": true}",a4d1486ab5
2026-09-26T11:40:28,synthetic,net,H1 momentum12_top10,"{""size"": 500, ""min_price"": 20.0, ""liquidity_months"": 6, ""min_history_months"": 13, ""min_days_last_month"": 10}","{""capital"": 1000000.0, ""k"": 0.7, ""brokerage"": 0.003, ""band"": 0.25, ""tax"": false, ""costs"": true}",a049f35c75
2026-09-26T11:40:29,synthetic,net,H4 low_vol12_top10,"{""size"": 500, ""min_price"": 20.0, ""liquidity_months"": 6, ""min_history_months"": 13, ""min_days_last_month"": 10}","{""capital"": 1000000.0, ""k"": 0.7, ""brokerage"": 0.0, ""band"": 0.25, ""tax"": false, ""costs"": true}",fa7f1c4b58
2026-09-26T11:40:29,synthetic,net,H4 low_vol12_top10,"{""size"": 500, ""min_price"": 20.0, ""liquidity_months"": 6, ""min_history_months"": 13, ""min_days_last_month"": 10}","{""capital"": 1000000.0, ""k"": 0.7, ""brokerage"": 0.0, ""band"": 0.25, ""tax"": true, ""costs"": true}",062e85e810
2026-09-26T11:40:29,synthetic,net,H4 low_vol12_top10,"{""size"": 500, ""min_price"": 20.0, ""liquidity_months"": 6, ""min_history_months"": 13, ""min_days_last_month"": 10}","{""capital"": 1000000.0, ""k"": 0.7, ""brokerage"": 0.003, ""band"": 0.25, ""tax"": false, ""costs"": true}",8a3eb1a7bb
2026-09-26T11:40:29,synthetic,net,H5 reversal_top10,"{""size"": 500, ""min_price"": 20.0, ""liquidity_months"": 6, ""min_history_months"": 13, ""min_days_last_month"": 10}","{""capital"": 1000000.0, ""k"": 0.7, ""brokerage"": 0.0, ""band"": 0.25, ""tax"": false, ""costs"": true}",c1ecaadf89
2026-09-26T11:40:29,synthetic,net,H5 reversal_top10,"{""size"": 500, ""min_price"": 20.0, ""liquidity_months"": 6, ""min_history_months"": 13, ""min_days_last_month"": 10}","{""capital"": 1000000.0, ""k"": 0.7, ""brokerage"": 0.0, ""band"": 0.25, ""tax"": true, ""costs"": true}",9f16cccc3e
2026-09-26T11:40:29,synthetic,net,H5 reversal_top10,"{""size"": 500, ""min_price"": 20.0, ""liquidity_months"": 6, ""min_history_months"": 13, ""min_days_last_month"": 10}","{""capital"": 1000000.0, ""k"": 0.7, ""brokerage"": 0.003, ""band"": 0.25, ""tax"": false, ""costs"": true}",e6d292c8df
2026-09-26T11:40:29,synthetic,net,momentum12_top10 cap,"{""size"": 500, ""min_price"": 20.0, ""liquidity_months"": 6, ""min_history_months"": 13, ""min_days_last_month"": 10}","{""capital"": 1000000.0, ""k"": 0.0, ""brokerage"": 0.0, ""band"": 0.25, ""tax"": false, ""costs"": true}",40c2586ce2
2026-09-26T11:40:29,synthetic,net,momentum12_top10 cap,"{""size"": 500, ""min_price"": 20.0, ""liquidity_months"": 6, ""min_history_months"": 13, ""min_days_last_month"": 10}","{""capital"": 1000000.0, ""k"": 0.7, ""brokerage"": 0.0, ""band"": 0.25, ""tax"": false, ""costs"": true}",405f4393c6
2026-09-26T11:40:29,synthetic,net,momentum12_top10 cap,"{""size"": 500, ""min_price"": 20.0, ""liquidity_months"": 6, ""min_history_months"": 13, ""min_days_last_month"": 10}","{""capital"": 1000000.0, ""k"": 1.5, ""brokerage"": 0.0, ""band"": 0.25, ""tax"": false, ""costs"": true}",91b26d5c89
2026-09-26T11:40:29,synthetic,net,momentum12_top10 cap,"{""size"": 500, ""min_price"": 20.0, ""liquidity_months"": 6, ""min_history_months"": 13, ""min_days_last_month"": 10}","{""capital"": 10000000.0, ""k"": 0.0, ""brokerage"": 0.0, ""band"": 0.25, ""tax"": false, ""costs"": true}",c06659c07d
2026-09-26T11:40:29,synthetic,net,momentum12_top10 cap,"{""size"": 500, ""min_price"": 20.0, ""liquidity_months"": 6, ""min_history_months"": 13, ""min_days_last_month"": 10}","{""capital"": 10000000.0, ""k"": 0.7, ""brokerage"": 0.0, ""band"": 0.25, ""tax"": false, ""costs"": true}",d8ab470cfa
2026-09-26T11:40:29,synthetic,net,momentum12_top10 cap,"{""size"": 500, ""min_price"": 20.0, ""liquidity_months"": 6, ""min_history_months"": 13, ""min_days_last_month"": 10}","{""capital"": 10000000.0, ""k"": 1.5, ""brokerage"": 0.0, ""band"": 0.25, ""tax"": false, ""costs"": true}",1fac1e792d
2026-09-26T11:40:29,synthetic,net,momentum12_top10 cap,"{""size"": 500, ""min_price"": 20.0, ""liquidity_months"": 6, ""min_history_months"": 13, ""min_days_last_month"": 10}","{""capital"": 100000000.0, ""k"": 0.0, ""brokerage"": 0.0, ""band"": 0.25, ""tax"": false, ""costs"": true}",29a52d7f3e
2026-09-26T11:40:29,synthetic,net,momentum12_top10 cap,"{""size"": 500, ""min_price"": 20.0, ""liquidity_months"": 6, ""min_history_months"": 13, ""min_days_last_month"": 10}","{""capital"": 100000000.0, ""k"": 0.7, ""brokerage"": 0.0, ""band"": 0.25, ""tax"": false, ""costs"": true}",524057fecd
2026-09-26T11:40:30,synthetic,net,momentum12_top10 cap,"{""size"": 500, ""min_price"": 20.0, ""liquidity_months"": 6, ""min_history_months"": 13, ""min_days_last_month"": 10}","{""capital"": 100000000.0, ""k"": 1.5, ""brokerage"": 0.0, ""band"": 0.25, ""tax"": false, ""costs"": true}",7c093642e5
2026-09-26T11:40:30,synthetic,net,momentum12_top10 cap,"{""size"": 500, ""min_price"": 20.0, ""liquidity_months"": 6, ""min_history_months"": 13, ""min_days_last_month"": 10}","{""capital"": 1000000000.0, ""k"": 0.0, ""brokerage"": 0.0, ""band"": 0.25, ""tax"": false, ""costs"": true}",b9658fea74
2026-09-26T11:40:30,synthetic,net,momentum12_top10 cap,"{""size"": 500, ""min_price"": 20.0, ""liquidity_months"": 6, ""min_history_months"": 13, ""min_days_last_month"": 10}","{""capital"": 1000000000.0, ""k"": 0.7, ""brokerage"": 0.0, ""band"": 0.25, ""tax"": false, ""costs"": true}",274554802e
2026-09-26T11:40:30,synthetic,net,momentum12_top10 cap,"{""size"": 500, ""min_price"": 20.0, ""liquidity_months"": 6, ""min_history_months"": 13, ""min_days_last_month"": 10}","{""capital"": 1000000000.0, ""k"": 1.5, ""brokerage"": 0.0, ""band"": 0.25, ""tax"": false, ""costs"": true}",ce00abd325
2026-09-26T11:40:30,synthetic,net,low_vol12_top10 cap,"{""size"": 500, ""min_price"": 20.0, ""liquidity_months"": 6, ""min_history_months"": 13, ""min_days_last_month"": 10}","{""capital"": 1000000.0, ""k"": 0.0, ""brokerage"": 0.0, ""band"": 0.25, ""tax"": false, ""costs"": true}",825e6aa7d7
2026-09-26T11:40:30,synthetic,net,low_vol12_top10 cap,"{""size"": 500, ""min_price"": 20.0, ""liquidity_months"": 6, ""min_history_months"": 13, ""min_days_last_month"": 10}","{""capital"": 1000000.0, ""k"": 0.7, ""brokerage"": 0.0, ""band"": 0.25, ""tax"": false, ""costs"": true}",755df1284b
2026-09-26T11:40:30,synthetic,net,low_vol12_top10 cap,"{""size"": 500, ""min_price"": 20.0, ""liquidity_months"": 6, ""min_history_months"": 13, ""min_days_last_month"": 10}","{""capital"": 1000000.0, ""k"": 1.5, ""brokerage"": 0.0, ""band"": 0.25, ""tax"": false, ""costs"": true}",18bb89a50e
2026-09-26T11:40:30,synthetic,net,low_vol12_top10 cap,"{""size"": 500, ""min_price"": 20.0, ""liquidity_months"": 6, ""min_history_months"": 13, ""min_days_last_month"": 10}","{""capital"": 10000000.0, ""k"": 0.0, ""brokerage"": 0.0, ""band"": 0.25, ""tax"": false, ""costs"": true}",e77eb2e3d3
2026-09-26T11:40:30,synthetic,net,low_vol12_top10 cap,"{""size"": 500, ""min_price"": 20.0, ""liquidity_months"": 6, ""min_history_months"": 13, ""min_days_last_month"": 10}","{""capital"": 10000000.0, ""k"": 0.7, ""brokerage"": 0.0, ""band"": 0.25, ""tax"": false, ""costs"": true}",b4489748ac
2026-09-26T11:40:30,synthetic,net,low_vol12_top10 cap,"{""size"": 500, ""min_price"": 20.0, ""liquidity_months"": 6, ""min_history_months"": 13, ""min_days_last_month"": 10}","{""capital"": 10000000.0, ""k"": 1.5, ""brokerage"": 0.0, ""band"": 0.25, ""tax"": false, ""costs"": true}",79b66d0a87
2026-09-26T11:40:30,synthetic,net,low_vol12_top10 cap,"{""size"": 500, ""min_price"": 20.0, ""liquidity_months"": 6, ""min_history_months"": 13, ""min_days_last_month"": 10}","{""capital"": 100000000.0, ""k"": 0.0, ""brokerage"": 0.0, ""band"": 0.25, ""tax"": false, ""costs"": true}",c9ae060c51
2026-09-26T11:40:30,synthetic,net,low_vol12_top10 cap,"{""size"": 500, ""min_price"": 20.0, ""liquidity_months"": 6, ""min_history_months"": 13, ""min_days_last_month"": 10}","{""capital"": 100000000.0, ""k"": 0.7, ""brokerage"": 0.0, ""band"": 0.25, ""tax"": false, ""costs"": true}",2782922a98
2026-09-26T11:40:30,synthetic,net,low_vol12_top10 cap,"{""size"": 500, ""min_price"": 20.0, ""liquidity_months"": 6, ""min_history_months"": 13, ""min_days_last_month"": 10}","{""capital"": 100000000.0, ""k"": 1.5, ""brokerage"": 0.0, ""band"": 0.25, ""tax"": false, ""costs"": true}",e73ac42998
2026-09-26T11:40:30,synthetic,net,low_vol12_top10 cap,"{""size"": 500, ""min_price"": 20.0, ""liquidity_months"": 6, ""min_history_months"": 13, ""min_days_last_month"": 10}","{""capital"": 1000000000.0, ""k"": 0.0, ""brokerage"": 0.0, ""band"": 0.25, ""tax"": false, ""costs"": true}",dca15f9a34
2026-09-26T11:40:30,synthetic,net,low_vol12_top10 cap,"{""size"": 500, ""min_price"": 20.0, ""liquidity_months"": 6, ""min_history_months"": 13, ""min_days_last_month"": 10}","{""capital"": 1000000000.0, ""k"": 0.7, ""brokerage"": 0.0, ""band"": 0.25, ""tax"": false, ""costs"": true}",7767d5c82b
2026-09-26T11:40:30,synthetic,net,low_vol12_top10 cap,"{""size"": 500, ""min_price"": 20.0, ""liquidity_months"": 6, ""min_history_months"": 13, ""min_days_last_month"": 10}","{""capital"": 1000000000.0, ""k"": 1.5, ""brokerage"": 0.0, ""band"": 0.25, ""tax"": false, ""costs"": true}",0fcf2444e9
2026-09-26T11:40:30,synthetic,net,reversal_top10 cap,"{""size"": 500, ""min_price"": 20.0, ""liquidity_months"": 6, ""min_history_months"": 13, ""min_days_last_month"": 10}","{""capital"": 1000000.0, ""k"": 0.0, ""brokerage"": 0.0, ""band"": 0.25, ""tax"": false, ""costs"": true}",3d0e319e56
2026-09-26T11:40:30,synthetic,net,reversal_top10 cap,"{""size"": 500, ""min_price"": 20.0, ""liquidity_months"": 6, ""min_history_months"": 13, ""min_days_last_month"": 10}","{""capital"": 1000000.0, ""k"": 0.7, ""brokerage"": 0.0, ""band"": 0.25, ""tax"": false, ""costs"": true}",031b45a341
2026-09-26T11:40:30,synthetic,net,reversal_top10 cap,"{""size"": 500, ""min_price"": 20.0, ""liquidity_months"": 6, ""min_history_months"": 13, ""min_days_last_month"": 10}","{""capital"": 1000000.0, ""k"": 1.5, ""brokerage"": 0.0, ""band"": 0.25, ""tax"": false, ""costs"": true}",27277d8022
2026-09-26T11:40:30,synthetic,net,reversal_top10 cap,"{""size"": 500, ""min_price"": 20.0, ""liquidity_months"": 6, ""min_history_months"": 13, ""min_days_last_month"": 10}","{""capital"": 10000000.0, ""k"": 0.0, ""brokerage"": 0.0, ""band"": 0.25, ""tax"": false, ""costs"": true}",545be75a78
2026-09-26T11:40:30,synthetic,net,reversal_top10 cap,"{""size"": 500, ""min_price"": 20.0, ""liquidity_months"": 6, ""min_history_months"": 13, ""min_days_last_month"": 10}","{""capital"": 10000000.0, ""k"": 0.7, ""brokerage"": 0.0, ""band"": 0.25, ""tax"": false, ""costs"": true}",8cec2df426
2026-09-26T11:40:31,synthetic,net,reversal_top10 cap,"{""size"": 500, ""min_price"": 20.0, ""liquidity_months"": 6, ""min_history_months"": 13, ""min_days_last_month"": 10}","{""capital"": 10000000.0, ""k"": 1.5, ""brokerage"": 0.0, ""band"": 0.25, ""tax"": false, ""costs"": true}",fd650a8738
2026-09-26T11:40:31,synthetic,net,reversal_top10 cap,"{""size"": 500, ""min_price"": 20.0, ""liquidity_months"": 6, ""min_history_months"": 13, ""min_days_last_month"": 10}","{""capital"": 100000000.0, ""k"": 0.0, ""brokerage"": 0.0, ""band"": 0.25, ""tax"": false, ""costs"": true}",f52f0e77d8
2026-09-26T11:40:31,synthetic,net,reversal_top10 cap,"{""size"": 500, ""min_price"": 20.0, ""liquidity_months"": 6, ""min_history_months"": 13, ""min_days_last_month"": 10}","{""capital"": 100000000.0, ""k"": 0.7, ""brokerage"": 0.0, ""band"": 0.25, ""tax"": false, ""costs"": true}",f5e106fcd2
2026-09-26T11:40:31,synthetic,net,reversal_top10 cap,"{""size"": 500, ""min_price"": 20.0, ""liquidity_months"": 6, ""min_history_months"": 13, ""min_days_last_month"": 10}","{""capital"": 100000000.0, ""k"": 1.5, ""brokerage"": 0.0, ""band"": 0.25, ""tax"": false, ""costs"": true}",7ad002a582
2026-09-26T11:40:31,synthetic,net,reversal_top10 cap,"{""size"": 500, ""min_price"": 20.0, ""liquidity_months"": 6, ""min_history_months"": 13, ""min_days_last_month"": 10}","{""capital"": 1000000000.0, ""k"": 0.0, ""brokerage"": 0.0, ""band"": 0.25, ""tax"": false, ""costs"": true}",6372e642b5
2026-09-26T11:40:31,synthetic,net,reversal_top10 cap,"{""size"": 500, ""min_price"": 20.0, ""liquidity_months"": 6, ""min_history_months"": 13, ""min_days_last_month"": 10}","{""capital"": 1000000000.0, ""k"": 0.7, ""brokerage"": 0.0, ""band"": 0.25, ""tax"": false, ""costs"": true}",8bba8108d8
2026-09-26T11:40:31,synthetic,net,reversal_top10 cap,"{""size"": 500, ""min_price"": 20.0, ""liquidity_months"": 6, ""min_history_months"": 13, ""min_days_last_month"": 10}","{""capital"": 1000000000.0, ""k"": 1.5, ""brokerage"": 0.0, ""band"": 0.25, ""tax"": false, ""costs"": true}",6ebed8c9b7
2026-09-26T11:40:33,synthetic,gross,momentum12_top10,"{""size"": 500, ""min_price"": 20.0, ""liquidity_months"": 6, ""min_history_months"": 13, ""min_days_last_month"": 10}",{},daf05530c1
2026-09-26T11:40:33,synthetic,gross,momentum12_top20,"{""size"": 500, ""min_price"": 20.0, ""liquidity_months"": 6, ""min_history_months"": 13, ""min_days_last_month"": 10}",{},1c5694cb39
2026-09-26T11:40:33,synthetic,gross,momentum6_top10,"{""size"": 500, ""min_price"": 20.0, ""liquidity_months"": 6, ""min_history_months"": 13, ""min_days_last_month"": 10}",{},fff925dffc
2026-09-26T11:40:33,synthetic,gross,momentum6_top20,"{""size"": 500, ""min_price"": 20.0, ""liquidity_months"": 6, ""min_history_months"": 13, ""min_days_last_month"": 10}",{},f733d7e74c
2026-09-26T11:40:33,synthetic,gross,reversal_top10,"{""size"": 500, ""min_price"": 20.0, ""liquidity_months"": 6, ""min_history_months"": 13, ""min_days_last_month"": 10}",{},3771b83600
2026-09-26T11:40:33,synthetic,gross,reversal_top20,"{""size"": 500, ""min_price"": 20.0, ""liquidity_months"": 6, ""min_history_months"": 13, ""min_days_last_month"": 10}",{},a4d2cb3033
2026-09-26T11:40:33,synthetic,gross,low_vol12_top10,"{""size"": 500, ""min_price"": 20.0, ""liquidity_months"": 6, ""min_history_months"": 13, ""min_days_last_month"": 10}",{},0c15c36171
2026-09-26T11:40:33,synthetic,gross,low_vol12_top20,"{""size"": 500, ""min_price"": 20.0, ""liquidity_months"": 6, ""min_history_months"": 13, ""min_days_last_month"": 10}",{},3014c6d87f
2026-09-26T11:40:33,synthetic,gross,low_vol6_top10,"{""size"": 500, ""min_price"": 20.0, ""liquidity_months"": 6, ""min_history_months"": 13, ""min_days_last_month"": 10}",{},da8bf52cc2
2026-09-26T11:40:34,synthetic,gross,low_vol6_top20,"{""size"": 500, ""min_price"": 20.0, ""liquidity_months"": 6, ""min_history_months"": 13, ""min_days_last_month"": 10}",{},5f417c2911
2026-09-26T11:40:34,synthetic,gross,high_52w_top10,"{""size"": 500, ""min_price"": 20.0, ""liquidity_months"": 6, ""min_history_months"": 13, ""min_days_last_month"": 10}",{},d9115cd2aa
2026-09-26T11:40:34,synthetic,gross,high_52w_top20,"{""size"": 500, ""min_price"": 20.0, ""liquidity_months"": 6, ""min_history_months"": 13, ""min_days_last_month"": 10}",{},fb340dd67b
2026-09-26T11:40:42,synthetic,gross_long_short,momentum12_top10,"{""size"": 500, ""min_price"": 20.0, ""liquidity_months"": 6, ""min_history_months"": 13, ""min_days_last_month"": 10}",{},258d26f8c1
2026-09-26T11:40:42,synthetic,gross_long_short,reversal_top10,"{""size"": 500, ""min_price"": 20.0, ""liquidity_months"": 6, ""min_history_months"": 13, ""min_days_last_month"": 10}",{},bccde62d22
2026-09-26T11:42:15,synthetic,gross,same_universe_ew,"{""size"": 500, ""min_price"": 20.0, ""liquidity_months"": 6, ""min_history_months"": 13, ""min_days_last_month"": 10}",{},bdee377172
2026-09-26T11:42:15,synthetic,gross,momentum12_top10,"{""size"": 500, ""min_price"": 20.0, ""liquidity_months"": 6, ""min_history_months"": 13, ""min_days_last_month"": 10}",{},0228910aa4
2026-09-26T11:42:15,synthetic,gross_long_short,momentum12_top10,"{""size"": 500, ""min_price"": 20.0, ""liquidity_months"": 6, ""min_history_months"": 13, ""min_days_last_month"": 10}",{},a49752ef42
2026-09-26T11:42:15,synthetic,gross,momentum12_top20,"{""size"": 500, ""min_price"": 20.0, ""liquidity_months"": 6, ""min_history_months"": 13, ""min_days_last_month"": 10}",{},de2379be50
2026-09-26T11:42:15,synthetic,gross_long_short,momentum12_top20,"{""size"": 500, ""min_price"": 20.0, ""liquidity_months"": 6, ""min_history_months"": 13, ""min_days_last_month"": 10}",{},aa8c6ceb33
2026-09-26T11:42:15,synthetic,gross,momentum6_top10,"{""size"": 500, ""min_price"": 20.0, ""liquidity_months"": 6, ""min_history_months"": 13, ""min_days_last_month"": 10}",{},b9f1b64cab
2026-09-26T11:42:15,synthetic,gross_long_short,momentum6_top10,"{""size"": 500, ""min_price"": 20.0, ""liquidity_months"": 6, ""min_history_months"": 13, ""min_days_last_month"": 10}",{},35f1562363
2026-09-26T11:42:15,synthetic,gross,momentum6_top20,"{""size"": 500, ""min_price"": 20.0, ""liquidity_months"": 6, ""min_history_months"": 13, ""min_days_last_month"": 10}",{},92116fc4f7
2026-09-26T11:42:15,synthetic,gross_long_short,momentum6_top20,"{""size"": 500, ""min_price"": 20.0, ""liquidity_months"": 6, ""min_history_months"": 13, ""min_days_last_month"": 10}",{},82665df716
2026-09-26T11:42:15,synthetic,gross,reversal_top10,"{""size"": 500, ""min_price"": 20.0, ""liquidity_months"": 6, ""min_history_months"": 13, ""min_days_last_month"": 10}",{},f127ea20e6
2026-09-26T11:42:16,synthetic,gross_long_short,reversal_top10,"{""size"": 500, ""min_price"": 20.0, ""liquidity_months"": 6, ""min_history_months"": 13, ""min_days_last_month"": 10}",{},da4d6a8404
2026-09-26T11:42:16,synthetic,gross,reversal_top20,"{""size"": 500, ""min_price"": 20.0, ""liquidity_months"": 6, ""min_history_months"": 13, ""min_days_last_month"": 10}",{},2fa7af0099
2026-09-26T11:42:16,synthetic,gross_long_short,reversal_top20,"{""size"": 500, ""min_price"": 20.0, ""liquidity_months"": 6, ""min_history_months"": 13, ""min_days_last_month"": 10}",{},cdff8c18f0
2026-09-26T11:42:16,synthetic,gross,low_vol12_top10,"{""size"": 500, ""min_price"": 20.0, ""liquidity_months"": 6, ""min_history_months"": 13, ""min_days_last_month"": 10}",{},1d469fe463
2026-09-26T11:42:16,synthetic,gross_long_short,low_vol12_top10,"{""size"": 500, ""min_price"": 20.0, ""liquidity_months"": 6, ""min_history_months"": 13, ""min_days_last_month"": 10}",{},3616d69d73
2026-09-26T11:42:16,synthetic,gross,low_vol12_top20,"{""size"": 500, ""min_price"": 20.0, ""liquidity_months"": 6, ""min_history_months"": 13, ""min_days_last_month"": 10}",{},8ea3ad2996
2026-09-26T11:42:16,synthetic,gross_long_short,low_vol12_top20,"{""size"": 500, ""min_price"": 20.0, ""liquidity_months"": 6, ""min_history_months"": 13, ""min_days_last_month"": 10}",{},fbfad6caa4
2026-09-26T11:42:16,synthetic,gross,low_vol6_top10,"{""size"": 500, ""min_price"": 20.0, ""liquidity_months"": 6, ""min_history_months"": 13, ""min_days_last_month"": 10}",{},4d9502da1c
2026-09-26T11:42:17,synthetic,gross_long_short,low_vol6_top10,"{""size"": 500, ""min_price"": 20.0, ""liquidity_months"": 6, ""min_history_months"": 13, ""min_days_last_month"": 10}",{},be3eb45a89
2026-09-26T11:42:17,synthetic,gross,low_vol6_top20,"{""size"": 500, ""min_price"": 20.0, ""liquidity_months"": 6, ""min_history_months"": 13, ""min_days_last_month"": 10}",{},b3b31c242f
2026-09-26T11:42:17,synthetic,gross_long_short,low_vol6_top20,"{""size"": 500, ""min_price"": 20.0, ""liquidity_months"": 6, ""min_history_months"": 13, ""min_days_last_month"": 10}",{},31107f1c2a
2026-09-26T11:42:17,synthetic,gross,high_52w_top10,"{""size"": 500, ""min_price"": 20.0, ""liquidity_months"": 6, ""min_history_months"": 13, ""min_days_last_month"": 10}",{},0076e342b4
2026-09-26T11:42:17,synthetic,gross_long_short,high_52w_top10,"{""size"": 500, ""min_price"": 20.0, ""liquidity_months"": 6, ""min_history_months"": 13, ""min_days_last_month"": 10}",{},ca997eb3fa
2026-09-26T11:42:17,synthetic,gross,high_52w_top20,"{""size"": 500, ""min_price"": 20.0, ""liquidity_months"": 6, ""min_history_months"": 13, ""min_days_last_month"": 10}",{},2c6a6cbd68
2026-09-26T11:42:17,synthetic,gross_long_short,high_52w_top20,"{""size"": 500, ""min_price"": 20.0, ""liquidity_months"": 6, ""min_history_months"": 13, ""min_days_last_month"": 10}",{},0996f813c0
2026-09-26T11:42:23,synthetic,gross,same_universe_ew,"{""size"": 500, ""min_price"": 20.0, ""liquidity_months"": 6, ""min_history_months"": 13, ""min_days_last_month"": 10}",{},992d7a6995
2026-09-26T11:42:23,synthetic,net,same-universe EW,"{""size"": 500, ""min_price"": 20.0, ""liquidity_months"": 6, ""min_history_months"": 13, ""min_days_last_month"": 10}","{""capital"": 1000000.0, ""k"": 0.7, ""brokerage"": 0.0, ""band"": 0.25, ""tax"": false, ""costs"": true}",48c777f050
2026-09-26T11:42:23,synthetic,net,same-universe EW,"{""size"": 500, ""min_price"": 20.0, ""liquidity_months"": 6, ""min_history_months"": 13, ""min_days_last_month"": 10}","{""capital"": 1000000.0, ""k"": 0.7, ""brokerage"": 0.0, ""band"": 0.25, ""tax"": true, ""costs"": true}",c6a9f8b3bc
2026-09-26T11:42:23,synthetic,net,same-universe EW,"{""size"": 500, ""min_price"": 20.0, ""liquidity_months"": 6, ""min_history_months"": 13, ""min_days_last_month"": 10}","{""capital"": 1000000.0, ""k"": 0.7, ""brokerage"": 0.003, ""band"": 0.25, ""tax"": false, ""costs"": true}",d9f21558d2
2026-09-26T11:42:23,synthetic,net,H1 momentum12_top10,"{""size"": 500, ""min_price"": 20.0, ""liquidity_months"": 6, ""min_history_months"": 13, ""min_days_last_month"": 10}","{""capital"": 1000000.0, ""k"": 0.7, ""brokerage"": 0.0, ""band"": 0.25, ""tax"": false, ""costs"": true}",2e767babfe
2026-09-26T11:42:23,synthetic,net,H1 momentum12_top10,"{""size"": 500, ""min_price"": 20.0, ""liquidity_months"": 6, ""min_history_months"": 13, ""min_days_last_month"": 10}","{""capital"": 1000000.0, ""k"": 0.7, ""brokerage"": 0.0, ""band"": 0.25, ""tax"": true, ""costs"": true}",d1cb7c6063
2026-09-26T11:42:24,synthetic,net,H1 momentum12_top10,"{""size"": 500, ""min_price"": 20.0, ""liquidity_months"": 6, ""min_history_months"": 13, ""min_days_last_month"": 10}","{""capital"": 1000000.0, ""k"": 0.7, ""brokerage"": 0.003, ""band"": 0.25, ""tax"": false, ""costs"": true}",6a52e3a8e3
2026-09-26T11:42:24,synthetic,net,H4 low_vol12_top10,"{""size"": 500, ""min_price"": 20.0, ""liquidity_months"": 6, ""min_history_months"": 13, ""min_days_last_month"": 10}","{""capital"": 1000000.0, ""k"": 0.7, ""brokerage"": 0.0, ""band"": 0.25, ""tax"": false, ""costs"": true}",828beda4e4
2026-09-26T11:42:24,synthetic,net,H4 low_vol12_top10,"{""size"": 500, ""min_price"": 20.0, ""liquidity_months"": 6, ""min_history_months"": 13, ""min_days_last_month"": 10}","{""capital"": 1000000.0, ""k"": 0.7, ""brokerage"": 0.0, ""band"": 0.25, ""tax"": true, ""costs"": true}",783f9a6631
2026-09-26T11:42:24,synthetic,net,H4 low_vol12_top10,"{""size"": 500, ""min_price"": 20.0, ""liquidity_months"": 6, ""min_history_months"": 13, ""min_days_last_month"": 10}","{""capital"": 1000000.0, ""k"": 0.7, ""brokerage"": 0.003, ""band"": 0.25, ""tax"": false, ""costs"": true}",dddc4e1049
2026-09-26T11:42:24,synthetic,net,H5 reversal_top10,"{""size"": 500, ""min_price"": 20.0, ""liquidity_months"": 6, ""min_history_months"": 13, ""min_days_last_month"": 10}","{""capital"": 1000000.0, ""k"": 0.7, ""brokerage"": 0.0, ""band"": 0.25, ""tax"": false, ""costs"": true}",93c8d85dc8
2026-09-26T11:42:24,synthetic,net,H5 reversal_top10,"{""size"": 500, ""min_price"": 20.0, ""liquidity_months"": 6, ""min_history_months"": 13, ""min_days_last_month"": 10}","{""capital"": 1000000.0, ""k"": 0.7, ""brokerage"": 0.0, ""band"": 0.25, ""tax"": true, ""costs"": true}",05ab2862c6
2026-09-26T11:42:24,synthetic,net,H5 reversal_top10,"{""size"": 500, ""min_price"": 20.0, ""liquidity_months"": 6, ""min_history_months"": 13, ""min_days_last_month"": 10}","{""capital"": 1000000.0, ""k"": 0.7, ""brokerage"": 0.003, ""band"": 0.25, ""tax"": false, ""costs"": true}",8028cce59c
2026-09-26T11:42:24,synthetic,net,momentum12_top10 cap,"{""size"": 500, ""min_price"": 20.0, ""liquidity_months"": 6, ""min_history_months"": 13, ""min_days_last_month"": 10}","{""capital"": 1000000.0, ""k"": 0.0, ""brokerage"": 0.0, ""band"": 0.25, ""tax"": false, ""costs"": true}",3b1ca2b4bc
2026-09-26T11:42:24,synthetic,net,momentum12_top10 cap,"{""size"": 500, ""min_price"": 20.0, ""liquidity_months"": 6, ""min_history_months"": 13, ""min_days_last_month"": 10}","{""capital"": 1000000.0, ""k"": 0.7, ""brokerage"": 0.0, ""band"": 0.25, ""tax"": false, ""costs"": true}",d91aa43b5a
2026-09-26T11:42:24,synthetic,net,momentum12_top10 cap,"{""size"": 500, ""min_price"": 20.0, ""liquidity_months"": 6, ""min_history_months"": 13, ""min_days_last_month"": 10}","{""capital"": 1000000.0, ""k"": 1.5, ""brokerage"": 0.0, ""band"": 0.25, ""tax"": false, ""costs"": true}",017ee88090
2026-09-26T11:42:24,synthetic,net,momentum12_top10 cap,"{""size"": 500, ""min_price"": 20.0, ""liquidity_months"": 6, ""min_history_months"": 13, ""min_days_last_month"": 10}","{""capital"": 10000000.0, ""k"": 0.0, ""brokerage"": 0.0, ""band"": 0.25, ""tax"": false, ""costs"": true}",9e502bc8c6
2026-09-26T11:42:24,synthetic,net,momentum12_top10 cap,"{""size"": 500, ""min_price"": 20.0, ""liquidity_months"": 6, ""min_history_months"": 13, ""min_days_last_month"": 10}","{""capital"": 10000000.0, ""k"": 0.7, ""brokerage"": 0.0, ""band"": 0.25, ""tax"": false, ""costs"": true}",fd6bcbe968
2026-09-26T11:42:24,synthetic,net,momentum12_top10 cap,"{""size"": 500, ""min_price"": 20.0, ""liquidity_months"": 6, ""min_history_months"": 13, ""min_days_last_month"": 10}","{""capital"": 10000000.0, ""k"": 1.5, ""brokerage"": 0.0, ""band"": 0.25, ""tax"": false, ""costs"": true}",1eb7ca2e1e
2026-09-26T11:42:24,synthetic,net,momentum12_top10 cap,"{""size"": 500, ""min_price"": 20.0, ""liquidity_months"": 6, ""min_history_months"": 13, ""min_days_last_month"": 10}","{""capital"": 100000000.0, ""k"": 0.0, ""brokerage"": 0.0, ""band"": 0.25, ""tax"": false, ""costs"": true}",e44def12bc
2026-09-26T11:42:24,synthetic,net,momentum12_top10 cap,"{""size"": 500, ""min_price"": 20.0, ""liquidity_months"": 6, ""min_history_months"": 13, ""min_days_last_month"": 10}","{""capital"": 100000000.0, ""k"": 0.7, ""brokerage"": 0.0, ""band"": 0.25, ""tax"": false, ""costs"": true}",e0c4a9848f
2026-09-26T11:42:25,synthetic,net,momentum12_top10 cap,"{""size"": 500, ""min_price"": 20.0, ""liquidity_months"": 6, ""min_history_months"": 13, ""min_days_last_month"": 10}","{""capital"": 100000000.0, ""k"": 1.5, ""brokerage"": 0.0, ""band"": 0.25, ""tax"": false, ""costs"": true}",84241a93f8
2026-09-26T11:42:25,synthetic,net,momentum12_top10 cap,"{""size"": 500, ""min_price"": 20.0, ""liquidity_months"": 6, ""min_history_months"": 13, ""min_days_last_month"": 10}","{""capital"": 1000000000.0, ""k"": 0.0, ""brokerage"": 0.0, ""band"": 0.25, ""tax"": false, ""costs"": true}",21b168176a
2026-09-26T11:42:25,synthetic,net,momentum12_top10 cap,"{""size"": 500, ""min_price"": 20.0, ""liquidity_months"": 6, ""min_history_months"": 13, ""min_days_last_month"": 10}","{""capital"": 1000000000.0, ""k"": 0.7, ""brokerage"": 0.0, ""band"": 0.25, ""tax"": false, ""costs"": true}",90135ace08
2026-09-26T11:42:25,synthetic,net,momentum12_top10 cap,"{""size"": 500, ""min_price"": 20.0, ""liquidity_months"": 6, ""min_history_months"": 13, ""min_days_last_month"": 10}","{""capital"": 1000000000.0, ""k"": 1.5, ""brokerage"": 0.0, ""band"": 0.25, ""tax"": false, ""costs"": true}",b382e50780
2026-09-26T11:42:25,synthetic,net,low_vol12_top10 cap,"{""size"": 500, ""min_price"": 20.0, ""liquidity_months"": 6, ""min_history_months"": 13, ""min_days_last_month"": 10}","{""capital"": 1000000.0, ""k"": 0.0, ""brokerage"": 0.0, ""band"": 0.25, ""tax"": false, ""costs"": true}",fd994345d1
2026-09-26T11:42:25,synthetic,net,low_vol12_top10 cap,"{""size"": 500, ""min_price"": 20.0, ""liquidity_months"": 6, ""min_history_months"": 13, ""min_days_last_month"": 10}","{""capital"": 1000000.0, ""k"": 0.7, ""brokerage"": 0.0, ""band"": 0.25, ""tax"": false, ""costs"": true}",ab5b7b8bf7
2026-09-26T11:42:25,synthetic,net,low_vol12_top10 cap,"{""size"": 500, ""min_price"": 20.0, ""liquidity_months"": 6, ""min_history_months"": 13, ""min_days_last_month"": 10}","{""capital"": 1000000.0, ""k"": 1.5, ""brokerage"": 0.0, ""band"": 0.25, ""tax"": false, ""costs"": true}",93b06a24d9
2026-09-26T11:42:25,synthetic,net,low_vol12_top10 cap,"{""size"": 500, ""min_price"": 20.0, ""liquidity_months"": 6, ""min_history_months"": 13, ""min_days_last_month"": 10}","{""capital"": 10000000.0, ""k"": 0.0, ""brokerage"": 0.0, ""band"": 0.25, ""tax"": false, ""costs"": true}",d7467212b2
2026-09-26T11:42:25,synthetic,net,low_vol12_top10 cap,"{""size"": 500, ""min_price"": 20.0, ""liquidity_months"": 6, ""min_history_months"": 13, ""min_days_last_month"": 10}","{""capital"": 10000000.0, ""k"": 0.7, ""brokerage"": 0.0, ""band"": 0.25, ""tax"": false, ""costs"": true}",767c8da7ec
2026-09-26T11:42:25,synthetic,net,low_vol12_top10 cap,"{""size"": 500, ""min_price"": 20.0, ""liquidity_months"": 6, ""min_history_months"": 13, ""min_days_last_month"": 10}","{""capital"": 10000000.0, ""k"": 1.5, ""brokerage"": 0.0, ""band"": 0.25, ""tax"": false, ""costs"": true}",7dc084ab0f
2026-09-26T11:42:25,synthetic,net,low_vol12_top10 cap,"{""size"": 500, ""min_price"": 20.0, ""liquidity_months"": 6, ""min_history_months"": 13, ""min_days_last_month"": 10}","{""capital"": 100000000.0, ""k"": 0.0, ""brokerage"": 0.0, ""band"": 0.25, ""tax"": false, ""costs"": true}",667ba85173
2026-09-26T11:42:25,synthetic,net,low_vol12_top10 cap,"{""size"": 500, ""min_price"": 20.0, ""liquidity_months"": 6, ""min_history_months"": 13, ""min_days_last_month"": 10}","{""capital"": 100000000.0, ""k"": 0.7, ""brokerage"": 0.0, ""band"": 0.25, ""tax"": false, ""costs"": true}",03280b1b40
2026-09-26T11:42:25,synthetic,net,low_vol12_top10 cap,"{""size"": 500, ""min_price"": 20.0, ""liquidity_months"": 6, ""min_history_months"": 13, ""min_days_last_month"": 10}","{""capital"": 100000000.0, ""k"": 1.5, ""brokerage"": 0.0, ""band"": 0.25, ""tax"": false, ""costs"": true}",f7f7db3c1f
2026-09-26T11:42:25,synthetic,net,low_vol12_top10 cap,"{""size"": 500, ""min_price"": 20.0, ""liquidity_months"": 6, ""min_history_months"": 13, ""min_days_last_month"": 10}","{""capital"": 1000000000.0, ""k"": 0.0, ""brokerage"": 0.0, ""band"": 0.25, ""tax"": false, ""costs"": true}",2490ec0eb4
2026-09-26T11:42:25,synthetic,net,low_vol12_top10 cap,"{""size"": 500, ""min_price"": 20.0, ""liquidity_months"": 6, ""min_history_months"": 13, ""min_days_last_month"": 10}","{""capital"": 1000000000.0, ""k"": 0.7, ""brokerage"": 0.0, ""band"": 0.25, ""tax"": false, ""costs"": true}",bd689322a5
2026-09-26T11:42:25,synthetic,net,low_vol12_top10 cap,"{""size"": 500, ""min_price"": 20.0, ""liquidity_months"": 6, ""min_history_months"": 13, ""min_days_last_month"": 10}","{""capital"": 1000000000.0, ""k"": 1.5, ""brokerage"": 0.0, ""band"": 0.25, ""tax"": false, ""costs"": true}",71897edb9c
2026-09-26T11:42:25,synthetic,net,reversal_top10 cap,"{""size"": 500, ""min_price"": 20.0, ""liquidity_months"": 6, ""min_history_months"": 13, ""min_days_last_month"": 10}","{""capital"": 1000000.0, ""k"": 0.0, ""brokerage"": 0.0, ""band"": 0.25, ""tax"": false, ""costs"": true}",27171fdef9
2026-09-26T11:42:25,synthetic,net,reversal_top10 cap,"{""size"": 500, ""min_price"": 20.0, ""liquidity_months"": 6, ""min_history_months"": 13, ""min_days_last_month"": 10}","{""capital"": 1000000.0, ""k"": 0.7, ""brokerage"": 0.0, ""band"": 0.25, ""tax"": false, ""costs"": true}",959905477b
2026-09-26T11:42:25,synthetic,net,reversal_top10 cap,"{""size"": 500, ""min_price"": 20.0, ""liquidity_months"": 6, ""min_history_months"": 13, ""min_days_last_month"": 10}","{""capital"": 1000000.0, ""k"": 1.5, ""brokerage"": 0.0, ""band"": 0.25, ""tax"": false, ""costs"": true}",f0c8d205fd
2026-09-26T11:42:25,synthetic,net,reversal_top10 cap,"{""size"": 500, ""min_price"": 20.0, ""liquidity_months"": 6, ""min_history_months"": 13, ""min_days_last_month"": 10}","{""capital"": 10000000.0, ""k"": 0.0, ""brokerage"": 0.0, ""band"": 0.25, ""tax"": false, ""costs"": true}",1c50947978
2026-09-26T11:42:25,synthetic,net,reversal_top10 cap,"{""size"": 500, ""min_price"": 20.0, ""liquidity_months"": 6, ""min_history_months"": 13, ""min_days_last_month"": 10}","{""capital"": 10000000.0, ""k"": 0.7, ""brokerage"": 0.0, ""band"": 0.25, ""tax"": false, ""costs"": true}",57051d2967
2026-09-26T11:42:26,synthetic,net,reversal_top10 cap,"{""size"": 500, ""min_price"": 20.0, ""liquidity_months"": 6, ""min_history_months"": 13, ""min_days_last_month"": 10}","{""capital"": 10000000.0, ""k"": 1.5, ""brokerage"": 0.0, ""band"": 0.25, ""tax"": false, ""costs"": true}",560236beda
2026-09-26T11:42:26,synthetic,net,reversal_top10 cap,"{""size"": 500, ""min_price"": 20.0, ""liquidity_months"": 6, ""min_history_months"": 13, ""min_days_last_month"": 10}","{""capital"": 100000000.0, ""k"": 0.0, ""brokerage"": 0.0, ""band"": 0.25, ""tax"": false, ""costs"": true}",148a4d8ad7
2026-09-26T11:42:26,synthetic,net,reversal_top10 cap,"{""size"": 500, ""min_price"": 20.0, ""liquidity_months"": 6, ""min_history_months"": 13, ""min_days_last_month"": 10}","{""capital"": 100000000.0, ""k"": 0.7, ""brokerage"": 0.0, ""band"": 0.25, ""tax"": false, ""costs"": true}",28ae05c4ae
2026-09-26T11:42:26,synthetic,net,reversal_top10 cap,"{""size"": 500, ""min_price"": 20.0, ""liquidity_months"": 6, ""min_history_months"": 13, ""min_days_last_month"": 10}","{""capital"": 100000000.0, ""k"": 1.5, ""brokerage"": 0.0, ""band"": 0.25, ""tax"": false, ""costs"": true}",9dfdb6d945
2026-09-26T11:42:26,synthetic,net,reversal_top10 cap,"{""size"": 500, ""min_price"": 20.0, ""liquidity_months"": 6, ""min_history_months"": 13, ""min_days_last_month"": 10}","{""capital"": 1000000000.0, ""k"": 0.0, ""brokerage"": 0.0, ""band"": 0.25, ""tax"": false, ""costs"": true}",ded6646703
2026-09-26T11:42:26,synthetic,net,reversal_top10 cap,"{""size"": 500, ""min_price"": 20.0, ""liquidity_months"": 6, ""min_history_months"": 13, ""min_days_last_month"": 10}","{""capital"": 1000000000.0, ""k"": 0.7, ""brokerage"": 0.0, ""band"": 0.25, ""tax"": false, ""costs"": true}",79650e811a
2026-09-26T11:42:26,synthetic,net,reversal_top10 cap,"{""size"": 500, ""min_price"": 20.0, ""liquidity_months"": 6, ""min_history_months"": 13, ""min_days_last_month"": 10}","{""capital"": 1000000000.0, ""k"": 1.5, ""brokerage"": 0.0, ""band"": 0.25, ""tax"": false, ""costs"": true}",9bedb6ed1f
2026-09-26T11:42:28,synthetic,gross,momentum12_top10,"{""size"": 500, ""min_price"": 20.0, ""liquidity_months"": 6, ""min_history_months"": 13, ""min_days_last_month"": 10}",{},86e4258746
2026-09-26T11:42:28,synthetic,gross,momentum12_top20,"{""size"": 500, ""min_price"": 20.0, ""liquidity_months"": 6, ""min_history_months"": 13, ""min_days_last_month"": 10}",{},f180ffd82b
2026-09-26T11:42:28,synthetic,gross,momentum6_top10,"{""size"": 500, ""min_price"": 20.0, ""liquidity_months"": 6, ""min_history_months"": 13, ""min_days_last_month"": 10}",{},3964b96d92
2026-09-26T11:42:28,synthetic,gross,momentum6_top20,"{""size"": 500, ""min_price"": 20.0, ""liquidity_months"": 6, ""min_history_months"": 13, ""min_days_last_month"": 10}",{},b00affd151
2026-09-26T11:42:28,synthetic,gross,reversal_top10,"{""size"": 500, ""min_price"": 20.0, ""liquidity_months"": 6, ""min_history_months"": 13, ""min_days_last_month"": 10}",{},ce9c54c30b
2026-09-26T11:42:28,synthetic,gross,reversal_top20,"{""size"": 500, ""min_price"": 20.0, ""liquidity_months"": 6, ""min_history_months"": 13, ""min_days_last_month"": 10}",{},9345268146
2026-09-26T11:42:28,synthetic,gross,low_vol12_top10,"{""size"": 500, ""min_price"": 20.0, ""liquidity_months"": 6, ""min_history_months"": 13, ""min_days_last_month"": 10}",{},9593ae0e2f
2026-09-26T11:42:28,synthetic,gross,low_vol12_top20,"{""size"": 500, ""min_price"": 20.0, ""liquidity_months"": 6, ""min_history_months"": 13, ""min_days_last_month"": 10}",{},7e0a6cc28b
2026-09-26T11:42:28,synthetic,gross,low_vol6_top10,"{""size"": 500, ""min_price"": 20.0, ""liquidity_months"": 6, ""min_history_months"": 13, ""min_days_last_month"": 10}",{},ee0d6ac72f
2026-09-26T11:42:28,synthetic,gross,low_vol6_top20,"{""size"": 500, ""min_price"": 20.0, ""liquidity_months"": 6, ""min_history_months"": 13, ""min_days_last_month"": 10}",{},ca3c411824
2026-09-26T11:42:29,synthetic,gross,high_52w_top10,"{""size"": 500, ""min_price"": 20.0, ""liquidity_months"": 6, ""min_history_months"": 13, ""min_days_last_month"": 10}",{},75fa63f524
2026-09-26T11:42:29,synthetic,gross,high_52w_top20,"{""size"": 500, ""min_price"": 20.0, ""liquidity_months"": 6, ""min_history_months"": 13, ""min_days_last_month"": 10}",{},f67c190672
2026-09-26T11:42:36,synthetic,gross_long_short,momentum12_top10,"{""size"": 500, ""min_price"": 20.0, ""liquidity_months"": 6, ""min_history_months"": 13, ""min_days_last_month"": 10}",{},f8e64a0db1
2026-09-26T11:42:36,synthetic,gross_long_short,reversal_top10,"{""size"": 500, ""min_price"": 20.0, ""liquidity_months"": 6, ""min_history_months"": 13, ""min_days_last_month"": 10}",{},5f983a05fd
2026-09-26T16:21:49,real,gross,same_universe_ew,"{""size"": 500, ""min_price"": 20.0, ""liquidity_months"": 6, ""min_history_months"": 13, ""min_days_last_month"": 10}",{},5ce9b6af42
2026-09-26T16:21:49,real,gross,momentum12_top10,"{""size"": 500, ""min_price"": 20.0, ""liquidity_months"": 6, ""min_history_months"": 13, ""min_days_last_month"": 10}",{},75b7c680f7
2026-09-26T16:21:49,real,gross_long_short,momentum12_top10,"{""size"": 500, ""min_price"": 20.0, ""liquidity_months"": 6, ""min_history_months"": 13, ""min_days_last_month"": 10}",{},560e9d21ff
2026-09-26T16:21:49,real,gross,momentum12_top20,"{""size"": 500, ""min_price"": 20.0, ""liquidity_months"": 6, ""min_history_months"": 13, ""min_days_last_month"": 10}",{},7c6ae9da9c
2026-09-26T16:21:49,real,gross_long_short,momentum12_top20,"{""size"": 500, ""min_price"": 20.0, ""liquidity_months"": 6, ""min_history_months"": 13, ""min_days_last_month"": 10}",{},fac7e12d27
2026-09-26T16:21:49,real,gross,momentum6_top10,"{""size"": 500, ""min_price"": 20.0, ""liquidity_months"": 6, ""min_history_months"": 13, ""min_days_last_month"": 10}",{},3379df0670
2026-09-26T16:21:49,real,gross_long_short,momentum6_top10,"{""size"": 500, ""min_price"": 20.0, ""liquidity_months"": 6, ""min_history_months"": 13, ""min_days_last_month"": 10}",{},7666c7e898
2026-09-26T16:21:49,real,gross,momentum6_top20,"{""size"": 500, ""min_price"": 20.0, ""liquidity_months"": 6, ""min_history_months"": 13, ""min_days_last_month"": 10}",{},dc6718b8e0
2026-09-26T16:21:49,real,gross_long_short,momentum6_top20,"{""size"": 500, ""min_price"": 20.0, ""liquidity_months"": 6, ""min_history_months"": 13, ""min_days_last_month"": 10}",{},21fe185580
2026-09-26T16:21:49,real,gross,reversal_top10,"{""size"": 500, ""min_price"": 20.0, ""liquidity_months"": 6, ""min_history_months"": 13, ""min_days_last_month"": 10}",{},0209089cfc
2026-09-26T16:21:49,real,gross_long_short,reversal_top10,"{""size"": 500, ""min_price"": 20.0, ""liquidity_months"": 6, ""min_history_months"": 13, ""min_days_last_month"": 10}",{},34f8c1a376
2026-09-26T16:21:49,real,gross,reversal_top20,"{""size"": 500, ""min_price"": 20.0, ""liquidity_months"": 6, ""min_history_months"": 13, ""min_days_last_month"": 10}",{},ced26728f5
2026-09-26T16:21:49,real,gross_long_short,reversal_top20,"{""size"": 500, ""min_price"": 20.0, ""liquidity_months"": 6, ""min_history_months"": 13, ""min_days_last_month"": 10}",{},5ce41e105c
2026-09-26T16:21:49,real,gross,low_vol12_top10,"{""size"": 500, ""min_price"": 20.0, ""liquidity_months"": 6, ""min_history_months"": 13, ""min_days_last_month"": 10}",{},64bc7969f7
2026-09-26T16:21:50,real,gross_long_short,low_vol12_top10,"{""size"": 500, ""min_price"": 20.0, ""liquidity_months"": 6, ""min_history_months"": 13, ""min_days_last_month"": 10}",{},d4917c22ab
2026-09-26T16:21:50,real,gross,low_vol12_top20,"{""size"": 500, ""min_price"": 20.0, ""liquidity_months"": 6, ""min_history_months"": 13, ""min_days_last_month"": 10}",{},2777ce7248
2026-09-26T16:21:50,real,gross_long_short,low_vol12_top20,"{""size"": 500, ""min_price"": 20.0, ""liquidity_months"": 6, ""min_history_months"": 13, ""min_days_last_month"": 10}",{},62c3f7e341
2026-09-26T16:21:50,real,gross,low_vol6_top10,"{""size"": 500, ""min_price"": 20.0, ""liquidity_months"": 6, ""min_history_months"": 13, ""min_days_last_month"": 10}",{},c21388b545
2026-09-26T16:21:50,real,gross_long_short,low_vol6_top10,"{""size"": 500, ""min_price"": 20.0, ""liquidity_months"": 6, ""min_history_months"": 13, ""min_days_last_month"": 10}",{},7f795dec14
2026-09-26T16:21:50,real,gross,low_vol6_top20,"{""size"": 500, ""min_price"": 20.0, ""liquidity_months"": 6, ""min_history_months"": 13, ""min_days_last_month"": 10}",{},c4a0095834
2026-09-26T16:21:51,real,gross_long_short,low_vol6_top20,"{""size"": 500, ""min_price"": 20.0, ""liquidity_months"": 6, ""min_history_months"": 13, ""min_days_last_month"": 10}",{},730516f6eb
2026-09-26T16:21:51,real,gross,high_52w_top10,"{""size"": 500, ""min_price"": 20.0, ""liquidity_months"": 6, ""min_history_months"": 13, ""min_days_last_month"": 10}",{},94dee0e8fc
2026-09-26T16:21:51,real,gross_long_short,high_52w_top10,"{""size"": 500, ""min_price"": 20.0, ""liquidity_months"": 6, ""min_history_months"": 13, ""min_days_last_month"": 10}",{},d65dc432e3
2026-09-26T16:21:51,real,gross,high_52w_top20,"{""size"": 500, ""min_price"": 20.0, ""liquidity_months"": 6, ""min_history_months"": 13, ""min_days_last_month"": 10}",{},4c4baf63b9
2026-09-26T16:21:51,real,gross_long_short,high_52w_top20,"{""size"": 500, ""min_price"": 20.0, ""liquidity_months"": 6, ""min_history_months"": 13, ""min_days_last_month"": 10}",{},bc4d09697b
2026-09-26T16:21:56,real,gross,same_universe_ew,"{""size"": 500, ""min_price"": 20.0, ""liquidity_months"": 6, ""min_history_months"": 13, ""min_days_last_month"": 10}",{},eb7856a65f
2026-09-26T16:21:57,real,net,same-universe EW,"{""size"": 500, ""min_price"": 20.0, ""liquidity_months"": 6, ""min_history_months"": 13, ""min_days_last_month"": 10}","{""capital"": 1000000.0, ""k"": 0.7, ""brokerage"": 0.0, ""band"": 0.25, ""tax"": false, ""costs"": true}",52cc5fb72e
2026-09-26T16:21:57,real,net,same-universe EW,"{""size"": 500, ""min_price"": 20.0, ""liquidity_months"": 6, ""min_history_months"": 13, ""min_days_last_month"": 10}","{""capital"": 1000000.0, ""k"": 0.7, ""brokerage"": 0.0, ""band"": 0.25, ""tax"": true, ""costs"": true}",8529a61d7a
2026-09-26T16:21:57,real,net,same-universe EW,"{""size"": 500, ""min_price"": 20.0, ""liquidity_months"": 6, ""min_history_months"": 13, ""min_days_last_month"": 10}","{""capital"": 1000000.0, ""k"": 0.7, ""brokerage"": 0.003, ""band"": 0.25, ""tax"": false, ""costs"": true}",2d61219d8a
2026-09-26T16:21:57,real,net,H1 momentum12_top10,"{""size"": 500, ""min_price"": 20.0, ""liquidity_months"": 6, ""min_history_months"": 13, ""min_days_last_month"": 10}","{""capital"": 1000000.0, ""k"": 0.7, ""brokerage"": 0.0, ""band"": 0.25, ""tax"": false, ""costs"": true}",f587ea335a
2026-09-26T16:21:57,real,net,H1 momentum12_top10,"{""size"": 500, ""min_price"": 20.0, ""liquidity_months"": 6, ""min_history_months"": 13, ""min_days_last_month"": 10}","{""capital"": 1000000.0, ""k"": 0.7, ""brokerage"": 0.0, ""band"": 0.25, ""tax"": true, ""costs"": true}",e6204af434
2026-09-26T16:21:57,real,net,H1 momentum12_top10,"{""size"": 500, ""min_price"": 20.0, ""liquidity_months"": 6, ""min_history_months"": 13, ""min_days_last_month"": 10}","{""capital"": 1000000.0, ""k"": 0.7, ""brokerage"": 0.003, ""band"": 0.25, ""tax"": false, ""costs"": true}",109ca58b03
2026-09-26T16:21:57,real,net,H4 low_vol12_top10,"{""size"": 500, ""min_price"": 20.0, ""liquidity_months"": 6, ""min_history_months"": 13, ""min_days_last_month"": 10}","{""capital"": 1000000.0, ""k"": 0.7, ""brokerage"": 0.0, ""band"": 0.25, ""tax"": false, ""costs"": true}",1dedee2187
2026-09-26T16:21:57,real,net,H4 low_vol12_top10,"{""size"": 500, ""min_price"": 20.0, ""liquidity_months"": 6, ""min_history_months"": 13, ""min_days_last_month"": 10}","{""capital"": 1000000.0, ""k"": 0.7, ""brokerage"": 0.0, ""band"": 0.25, ""tax"": true, ""costs"": true}",56d7c23288
2026-09-26T16:21:57,real,net,H4 low_vol12_top10,"{""size"": 500, ""min_price"": 20.0, ""liquidity_months"": 6, ""min_history_months"": 13, ""min_days_last_month"": 10}","{""capital"": 1000000.0, ""k"": 0.7, ""brokerage"": 0.003, ""band"": 0.25, ""tax"": false, ""costs"": true}",c3e897445a
2026-09-26T16:21:57,real,net,H5 reversal_top10,"{""size"": 500, ""min_price"": 20.0, ""liquidity_months"": 6, ""min_history_months"": 13, ""min_days_last_month"": 10}","{""capital"": 1000000.0, ""k"": 0.7, ""brokerage"": 0.0, ""band"": 0.25, ""tax"": false, ""costs"": true}",6073812c6c
2026-09-26T16:21:57,real,net,H5 reversal_top10,"{""size"": 500, ""min_price"": 20.0, ""liquidity_months"": 6, ""min_history_months"": 13, ""min_days_last_month"": 10}","{""capital"": 1000000.0, ""k"": 0.7, ""brokerage"": 0.0, ""band"": 0.25, ""tax"": true, ""costs"": true}",7d3e0ecaad
2026-09-26T16:21:57,real,net,H5 reversal_top10,"{""size"": 500, ""min_price"": 20.0, ""liquidity_months"": 6, ""min_history_months"": 13, ""min_days_last_month"": 10}","{""capital"": 1000000.0, ""k"": 0.7, ""brokerage"": 0.003, ""band"": 0.25, ""tax"": false, ""costs"": true}",6ad1866477
2026-09-26T16:21:58,real,net,momentum12_top10 cap,"{""size"": 500, ""min_price"": 20.0, ""liquidity_months"": 6, ""min_history_months"": 13, ""min_days_last_month"": 10}","{""capital"": 1000000.0, ""k"": 0.0, ""brokerage"": 0.0, ""band"": 0.25, ""tax"": false, ""costs"": true}",e582b3870d
2026-09-26T16:21:58,real,net,momentum12_top10 cap,"{""size"": 500, ""min_price"": 20.0, ""liquidity_months"": 6, ""min_history_months"": 13, ""min_days_last_month"": 10}","{""capital"": 1000000.0, ""k"": 0.7, ""brokerage"": 0.0, ""band"": 0.25, ""tax"": false, ""costs"": true}",eec1a6c3c5
2026-09-26T16:21:58,real,net,momentum12_top10 cap,"{""size"": 500, ""min_price"": 20.0, ""liquidity_months"": 6, ""min_history_months"": 13, ""min_days_last_month"": 10}","{""capital"": 1000000.0, ""k"": 1.5, ""brokerage"": 0.0, ""band"": 0.25, ""tax"": false, ""costs"": true}",4455a97ce0
2026-09-26T16:21:58,real,net,momentum12_top10 cap,"{""size"": 500, ""min_price"": 20.0, ""liquidity_months"": 6, ""min_history_months"": 13, ""min_days_last_month"": 10}","{""capital"": 10000000.0, ""k"": 0.0, ""brokerage"": 0.0, ""band"": 0.25, ""tax"": false, ""costs"": true}",c8185ec333
2026-09-26T16:21:58,real,net,momentum12_top10 cap,"{""size"": 500, ""min_price"": 20.0, ""liquidity_months"": 6, ""min_history_months"": 13, ""min_days_last_month"": 10}","{""capital"": 10000000.0, ""k"": 0.7, ""brokerage"": 0.0, ""band"": 0.25, ""tax"": false, ""costs"": true}",b3750b185e
2026-09-26T16:21:58,real,net,momentum12_top10 cap,"{""size"": 500, ""min_price"": 20.0, ""liquidity_months"": 6, ""min_history_months"": 13, ""min_days_last_month"": 10}","{""capital"": 10000000.0, ""k"": 1.5, ""brokerage"": 0.0, ""band"": 0.25, ""tax"": false, ""costs"": true}",c43f4463df
2026-09-26T16:21:58,real,net,momentum12_top10 cap,"{""size"": 500, ""min_price"": 20.0, ""liquidity_months"": 6, ""min_history_months"": 13, ""min_days_last_month"": 10}","{""capital"": 100000000.0, ""k"": 0.0, ""brokerage"": 0.0, ""band"": 0.25, ""tax"": false, ""costs"": true}",9e0d7660d3
2026-09-26T16:21:58,real,net,momentum12_top10 cap,"{""size"": 500, ""min_price"": 20.0, ""liquidity_months"": 6, ""min_history_months"": 13, ""min_days_last_month"": 10}","{""capital"": 100000000.0, ""k"": 0.7, ""brokerage"": 0.0, ""band"": 0.25, ""tax"": false, ""costs"": true}",85dedb8fd1
2026-09-26T16:21:58,real,net,momentum12_top10 cap,"{""size"": 500, ""min_price"": 20.0, ""liquidity_months"": 6, ""min_history_months"": 13, ""min_days_last_month"": 10}","{""capital"": 100000000.0, ""k"": 1.5, ""brokerage"": 0.0, ""band"": 0.25, ""tax"": false, ""costs"": true}",99f018fadc
2026-09-26T16:21:58,real,net,momentum12_top10 cap,"{""size"": 500, ""min_price"": 20.0, ""liquidity_months"": 6, ""min_history_months"": 13, ""min_days_last_month"": 10}","{""capital"": 1000000000.0, ""k"": 0.0, ""brokerage"": 0.0, ""band"": 0.25, ""tax"": false, ""costs"": true}",1fbe5b2ddb
2026-09-26T16:21:58,real,net,momentum12_top10 cap,"{""size"": 500, ""min_price"": 20.0, ""liquidity_months"": 6, ""min_history_months"": 13, ""min_days_last_month"": 10}","{""capital"": 1000000000.0, ""k"": 0.7, ""brokerage"": 0.0, ""band"": 0.25, ""tax"": false, ""costs"": true}",a07be72076
2026-09-26T16:21:58,real,net,momentum12_top10 cap,"{""size"": 500, ""min_price"": 20.0, ""liquidity_months"": 6, ""min_history_months"": 13, ""min_days_last_month"": 10}","{""capital"": 1000000000.0, ""k"": 1.5, ""brokerage"": 0.0, ""band"": 0.25, ""tax"": false, ""costs"": true}",69ed7dbdb6
2026-09-26T16:21:58,real,net,low_vol12_top10 cap,"{""size"": 500, ""min_price"": 20.0, ""liquidity_months"": 6, ""min_history_months"": 13, ""min_days_last_month"": 10}","{""capital"": 1000000.0, ""k"": 0.0, ""brokerage"": 0.0, ""band"": 0.25, ""tax"": false, ""costs"": true}",b6b73b1c16
2026-09-26T16:21:58,real,net,low_vol12_top10 cap,"{""size"": 500, ""min_price"": 20.0, ""liquidity_months"": 6, ""min_history_months"": 13, ""min_days_last_month"": 10}","{""capital"": 1000000.0, ""k"": 0.7, ""brokerage"": 0.0, ""band"": 0.25, ""tax"": false, ""costs"": true}",fc885a783b
2026-09-26T16:21:58,real,net,low_vol12_top10 cap,"{""size"": 500, ""min_price"": 20.0, ""liquidity_months"": 6, ""min_history_months"": 13, ""min_days_last_month"": 10}","{""capital"": 1000000.0, ""k"": 1.5, ""brokerage"": 0.0, ""band"": 0.25, ""tax"": false, ""costs"": true}",666f3429a3
2026-09-26T16:21:58,real,net,low_vol12_top10 cap,"{""size"": 500, ""min_price"": 20.0, ""liquidity_months"": 6, ""min_history_months"": 13, ""min_days_last_month"": 10}","{""capital"": 10000000.0, ""k"": 0.0, ""brokerage"": 0.0, ""band"": 0.25, ""tax"": false, ""costs"": true}",0c78dd009e
2026-09-26T16:21:58,real,net,low_vol12_top10 cap,"{""size"": 500, ""min_price"": 20.0, ""liquidity_months"": 6, ""min_history_months"": 13, ""min_days_last_month"": 10}","{""capital"": 10000000.0, ""k"": 0.7, ""brokerage"": 0.0, ""band"": 0.25, ""tax"": false, ""costs"": true}",13756e3574
2026-09-26T16:21:58,real,net,low_vol12_top10 cap,"{""size"": 500, ""min_price"": 20.0, ""liquidity_months"": 6, ""min_history_months"": 13, ""min_days_last_month"": 10}","{""capital"": 10000000.0, ""k"": 1.5, ""brokerage"": 0.0, ""band"": 0.25, ""tax"": false, ""costs"": true}",2d185e0e3d
2026-09-26T16:21:58,real,net,low_vol12_top10 cap,"{""size"": 500, ""min_price"": 20.0, ""liquidity_months"": 6, ""min_history_months"": 13, ""min_days_last_month"": 10}","{""capital"": 100000000.0, ""k"": 0.0, ""brokerage"": 0.0, ""band"": 0.25, ""tax"": false, ""costs"": true}",6172281284
2026-09-26T16:21:58,real,net,low_vol12_top10 cap,"{""size"": 500, ""min_price"": 20.0, ""liquidity_months"": 6, ""min_history_months"": 13, ""min_days_last_month"": 10}","{""capital"": 100000000.0, ""k"": 0.7, ""brokerage"": 0.0, ""band"": 0.25, ""tax"": false, ""costs"": true}",9261b1d772
2026-09-26T16:21:59,real,net,low_vol12_top10 cap,"{""size"": 500, ""min_price"": 20.0, ""liquidity_months"": 6, ""min_history_months"": 13, ""min_days_last_month"": 10}","{""capital"": 100000000.0, ""k"": 1.5, ""brokerage"": 0.0, ""band"": 0.25, ""tax"": false, ""costs"": true}",63e012165b
2026-09-26T16:21:59,real,net,low_vol12_top10 cap,"{""size"": 500, ""min_price"": 20.0, ""liquidity_months"": 6, ""min_history_months"": 13, ""min_days_last_month"": 10}","{""capital"": 1000000000.0, ""k"": 0.0, ""brokerage"": 0.0, ""band"": 0.25, ""tax"": false, ""costs"": true}",767df3d9f8
2026-09-26T16:21:59,real,net,low_vol12_top10 cap,"{""size"": 500, ""min_price"": 20.0, ""liquidity_months"": 6, ""min_history_months"": 13, ""min_days_last_month"": 10}","{""capital"": 1000000000.0, ""k"": 0.7, ""brokerage"": 0.0, ""band"": 0.25, ""tax"": false, ""costs"": true}",74b8f99d2e
2026-09-26T16:21:59,real,net,low_vol12_top10 cap,"{""size"": 500, ""min_price"": 20.0, ""liquidity_months"": 6, ""min_history_months"": 13, ""min_days_last_month"": 10}","{""capital"": 1000000000.0, ""k"": 1.5, ""brokerage"": 0.0, ""band"": 0.25, ""tax"": false, ""costs"": true}",9fc3c1fc48
2026-09-26T16:21:59,real,net,reversal_top10 cap,"{""size"": 500, ""min_price"": 20.0, ""liquidity_months"": 6, ""min_history_months"": 13, ""min_days_last_month"": 10}","{""capital"": 1000000.0, ""k"": 0.0, ""brokerage"": 0.0, ""band"": 0.25, ""tax"": false, ""costs"": true}",c6a413f1bf
2026-09-26T16:21:59,real,net,reversal_top10 cap,"{""size"": 500, ""min_price"": 20.0, ""liquidity_months"": 6, ""min_history_months"": 13, ""min_days_last_month"": 10}","{""capital"": 1000000.0, ""k"": 0.7, ""brokerage"": 0.0, ""band"": 0.25, ""tax"": false, ""costs"": true}",e71828455b
2026-09-26T16:21:59,real,net,reversal_top10 cap,"{""size"": 500, ""min_price"": 20.0, ""liquidity_months"": 6, ""min_history_months"": 13, ""min_days_last_month"": 10}","{""capital"": 1000000.0, ""k"": 1.5, ""brokerage"": 0.0, ""band"": 0.25, ""tax"": false, ""costs"": true}",6ad4d424dd
2026-09-26T16:21:59,real,net,reversal_top10 cap,"{""size"": 500, ""min_price"": 20.0, ""liquidity_months"": 6, ""min_history_months"": 13, ""min_days_last_month"": 10}","{""capital"": 10000000.0, ""k"": 0.0, ""brokerage"": 0.0, ""band"": 0.25, ""tax"": false, ""costs"": true}",a7875dcea8
2026-09-26T16:21:59,real,net,reversal_top10 cap,"{""size"": 500, ""min_price"": 20.0, ""liquidity_months"": 6, ""min_history_months"": 13, ""min_days_last_month"": 10}","{""capital"": 10000000.0, ""k"": 0.7, ""brokerage"": 0.0, ""band"": 0.25, ""tax"": false, ""costs"": true}",613bcf6fae
2026-09-26T16:21:59,real,net,reversal_top10 cap,"{""size"": 500, ""min_price"": 20.0, ""liquidity_months"": 6, ""min_history_months"": 13, ""min_days_last_month"": 10}","{""capital"": 10000000.0, ""k"": 1.5, ""brokerage"": 0.0, ""band"": 0.25, ""tax"": false, ""costs"": true}",072f7cdeb4
2026-09-26T16:21:59,real,net,reversal_top10 cap,"{""size"": 500, ""min_price"": 20.0, ""liquidity_months"": 6, ""min_history_months"": 13, ""min_days_last_month"": 10}","{""capital"": 100000000.0, ""k"": 0.0, ""brokerage"": 0.0, ""band"": 0.25, ""tax"": false, ""costs"": true}",8836e52f74
2026-09-26T16:21:59,real,net,reversal_top10 cap,"{""size"": 500, ""min_price"": 20.0, ""liquidity_months"": 6, ""min_history_months"": 13, ""min_days_last_month"": 10}","{""capital"": 100000000.0, ""k"": 0.7, ""brokerage"": 0.0, ""band"": 0.25, ""tax"": false, ""costs"": true}",69d96fb9d9
2026-09-26T16:21:59,real,net,reversal_top10 cap,"{""size"": 500, ""min_price"": 20.0, ""liquidity_months"": 6, ""min_history_months"": 13, ""min_days_last_month"": 10}","{""capital"": 100000000.0, ""k"": 1.5, ""brokerage"": 0.0, ""band"": 0.25, ""tax"": false, ""costs"": true}",c010c8a38c
2026-09-26T16:21:59,real,net,reversal_top10 cap,"{""size"": 500, ""min_price"": 20.0, ""liquidity_months"": 6, ""min_history_months"": 13, ""min_days_last_month"": 10}","{""capital"": 1000000000.0, ""k"": 0.0, ""brokerage"": 0.0, ""band"": 0.25, ""tax"": false, ""costs"": true}",dfb23668e6
2026-09-26T16:21:59,real,net,reversal_top10 cap,"{""size"": 500, ""min_price"": 20.0, ""liquidity_months"": 6, ""min_history_months"": 13, ""min_days_last_month"": 10}","{""capital"": 1000000000.0, ""k"": 0.7, ""brokerage"": 0.0, ""band"": 0.25, ""tax"": false, ""costs"": true}",f3e8c273a8
2026-09-26T16:21:59,real,net,reversal_top10 cap,"{""size"": 500, ""min_price"": 20.0, ""liquidity_months"": 6, ""min_history_months"": 13, ""min_days_last_month"": 10}","{""capital"": 1000000000.0, ""k"": 1.5, ""brokerage"": 0.0, ""band"": 0.25, ""tax"": false, ""costs"": true}",704c33332f
2026-09-26T16:22:01,real,gross,momentum12_top10,"{""size"": 500, ""min_price"": 20.0, ""liquidity_months"": 6, ""min_history_months"": 13, ""min_days_last_month"": 10}",{},81f94adaf2
2026-09-26T16:22:01,real,gross,momentum12_top20,"{""size"": 500, ""min_price"": 20.0, ""liquidity_months"": 6, ""min_history_months"": 13, ""min_days_last_month"": 10}",{},f2ba59cf6f
2026-09-26T16:22:01,real,gross,momentum6_top10,"{""size"": 500, ""min_price"": 20.0, ""liquidity_months"": 6, ""min_history_months"": 13, ""min_days_last_month"": 10}",{},dc826a3a03
2026-09-26T16:22:02,real,gross,momentum6_top20,"{""size"": 500, ""min_price"": 20.0, ""liquidity_months"": 6, ""min_history_months"": 13, ""min_days_last_month"": 10}",{},d0553f0da3
2026-09-26T16:22:02,real,gross,reversal_top10,"{""size"": 500, ""min_price"": 20.0, ""liquidity_months"": 6, ""min_history_months"": 13, ""min_days_last_month"": 10}",{},ae6ad959b5
2026-09-26T16:22:02,real,gross,reversal_top20,"{""size"": 500, ""min_price"": 20.0, ""liquidity_months"": 6, ""min_history_months"": 13, ""min_days_last_month"": 10}",{},9317ca358a
2026-09-26T16:22:02,real,gross,low_vol12_top10,"{""size"": 500, ""min_price"": 20.0, ""liquidity_months"": 6, ""min_history_months"": 13, ""min_days_last_month"": 10}",{},17c59b6b32
2026-09-26T16:22:02,real,gross,low_vol12_top20,"{""size"": 500, ""min_price"": 20.0, ""liquidity_months"": 6, ""min_history_months"": 13, ""min_days_last_month"": 10}",{},ab2c2796ec
2026-09-26T16:22:02,real,gross,low_vol6_top10,"{""size"": 500, ""min_price"": 20.0, ""liquidity_months"": 6, ""min_history_months"": 13, ""min_days_last_month"": 10}",{},dc956c96a4
2026-09-26T16:22:02,real,gross,low_vol6_top20,"{""size"": 500, ""min_price"": 20.0, ""liquidity_months"": 6, ""min_history_months"": 13, ""min_days_last_month"": 10}",{},731980758e
2026-09-26T16:22:02,real,gross,high_52w_top10,"{""size"": 500, ""min_price"": 20.0, ""liquidity_months"": 6, ""min_history_months"": 13, ""min_days_last_month"": 10}",{},d17352811f
2026-09-26T16:22:03,real,gross,high_52w_top20,"{""size"": 500, ""min_price"": 20.0, ""liquidity_months"": 6, ""min_history_months"": 13, ""min_days_last_month"": 10}",{},5b5496a4bb
2026-09-26T16:22:11,real,gross_long_short,momentum12_top10,"{""size"": 500, ""min_price"": 20.0, ""liquidity_months"": 6, ""min_history_months"": 13, ""min_days_last_month"": 10}",{},87bf31c697
2026-09-26T16:22:11,real,gross_long_short,reversal_top10,"{""size"": 500, ""min_price"": 20.0, ""liquidity_months"": 6, ""min_history_months"": 13, ""min_days_last_month"": 10}",{},d4b51457be
2026-09-26T16:26:16,real,gross,same_universe_ew,"{""size"": 500, ""min_price"": 20.0, ""liquidity_months"": 6, ""min_history_months"": 13, ""min_days_last_month"": 10}",{},a625d9c6f8
2026-09-26T16:26:16,real,gross,momentum12_top10,"{""size"": 500, ""min_price"": 20.0, ""liquidity_months"": 6, ""min_history_months"": 13, ""min_days_last_month"": 10}",{},18ad4d21f7
2026-09-26T16:26:16,real,gross_long_short,momentum12_top10,"{""size"": 500, ""min_price"": 20.0, ""liquidity_months"": 6, ""min_history_months"": 13, ""min_days_last_month"": 10}",{},ed492b0767
2026-09-26T16:26:16,real,gross,momentum12_top20,"{""size"": 500, ""min_price"": 20.0, ""liquidity_months"": 6, ""min_history_months"": 13, ""min_days_last_month"": 10}",{},be4aaa5bf6
2026-09-26T16:26:16,real,gross_long_short,momentum12_top20,"{""size"": 500, ""min_price"": 20.0, ""liquidity_months"": 6, ""min_history_months"": 13, ""min_days_last_month"": 10}",{},7c96487258
2026-09-26T16:26:16,real,gross,momentum6_top10,"{""size"": 500, ""min_price"": 20.0, ""liquidity_months"": 6, ""min_history_months"": 13, ""min_days_last_month"": 10}",{},c04e5556a3
2026-09-26T16:26:17,real,gross_long_short,momentum6_top10,"{""size"": 500, ""min_price"": 20.0, ""liquidity_months"": 6, ""min_history_months"": 13, ""min_days_last_month"": 10}",{},72485d3738
2026-09-26T16:26:17,real,gross,momentum6_top20,"{""size"": 500, ""min_price"": 20.0, ""liquidity_months"": 6, ""min_history_months"": 13, ""min_days_last_month"": 10}",{},550c7d7ef5
2026-09-26T16:26:17,real,gross_long_short,momentum6_top20,"{""size"": 500, ""min_price"": 20.0, ""liquidity_months"": 6, ""min_history_months"": 13, ""min_days_last_month"": 10}",{},eec237aaf2
2026-09-26T16:26:17,real,gross,reversal_top10,"{""size"": 500, ""min_price"": 20.0, ""liquidity_months"": 6, ""min_history_months"": 13, ""min_days_last_month"": 10}",{},bf983a3ab9
2026-09-26T16:26:17,real,gross_long_short,reversal_top10,"{""size"": 500, ""min_price"": 20.0, ""liquidity_months"": 6, ""min_history_months"": 13, ""min_days_last_month"": 10}",{},f9ca721bb4
2026-09-26T16:26:17,real,gross,reversal_top20,"{""size"": 500, ""min_price"": 20.0, ""liquidity_months"": 6, ""min_history_months"": 13, ""min_days_last_month"": 10}",{},f955ce2fea
2026-09-26T16:26:17,real,gross_long_short,reversal_top20,"{""size"": 500, ""min_price"": 20.0, ""liquidity_months"": 6, ""min_history_months"": 13, ""min_days_last_month"": 10}",{},347551addb
2026-09-26T16:26:17,real,gross,low_vol12_top10,"{""size"": 500, ""min_price"": 20.0, ""liquidity_months"": 6, ""min_history_months"": 13, ""min_days_last_month"": 10}",{},aaa9543d8e
2026-09-26T16:26:17,real,gross_long_short,low_vol12_top10,"{""size"": 500, ""min_price"": 20.0, ""liquidity_months"": 6, ""min_history_months"": 13, ""min_days_last_month"": 10}",{},98d9760d5f
2026-09-26T16:26:17,real,gross,low_vol12_top20,"{""size"": 500, ""min_price"": 20.0, ""liquidity_months"": 6, ""min_history_months"": 13, ""min_days_last_month"": 10}",{},0f4aa9e841
2026-09-26T16:26:18,real,gross_long_short,low_vol12_top20,"{""size"": 500, ""min_price"": 20.0, ""liquidity_months"": 6, ""min_history_months"": 13, ""min_days_last_month"": 10}",{},bc6cb5c28f
2026-09-26T16:26:18,real,gross,low_vol6_top10,"{""size"": 500, ""min_price"": 20.0, ""liquidity_months"": 6, ""min_history_months"": 13, ""min_days_last_month"": 10}",{},a92a91d802
2026-09-26T16:26:18,real,gross_long_short,low_vol6_top10,"{""size"": 500, ""min_price"": 20.0, ""liquidity_months"": 6, ""min_history_months"": 13, ""min_days_last_month"": 10}",{},028d30d929
2026-09-26T16:26:18,real,gross,low_vol6_top20,"{""size"": 500, ""min_price"": 20.0, ""liquidity_months"": 6, ""min_history_months"": 13, ""min_days_last_month"": 10}",{},87d9b69adf
2026-09-26T16:26:19,real,gross_long_short,low_vol6_top20,"{""size"": 500, ""min_price"": 20.0, ""liquidity_months"": 6, ""min_history_months"": 13, ""min_days_last_month"": 10}",{},b6b021974d
2026-09-26T16:26:19,real,gross,high_52w_top10,"{""size"": 500, ""min_price"": 20.0, ""liquidity_months"": 6, ""min_history_months"": 13, ""min_days_last_month"": 10}",{},c49cc113b3
2026-09-26T16:26:19,real,gross_long_short,high_52w_top10,"{""size"": 500, ""min_price"": 20.0, ""liquidity_months"": 6, ""min_history_months"": 13, ""min_days_last_month"": 10}",{},942e7de2b9
2026-09-26T16:26:19,real,gross,high_52w_top20,"{""size"": 500, ""min_price"": 20.0, ""liquidity_months"": 6, ""min_history_months"": 13, ""min_days_last_month"": 10}",{},0b36203e1c
2026-09-26T16:26:19,real,gross_long_short,high_52w_top20,"{""size"": 500, ""min_price"": 20.0, ""liquidity_months"": 6, ""min_history_months"": 13, ""min_days_last_month"": 10}",{},b04c896fad
2026-09-26T16:26:25,real,gross,same_universe_ew,"{""size"": 500, ""min_price"": 20.0, ""liquidity_months"": 6, ""min_history_months"": 13, ""min_days_last_month"": 10}",{},bf9b277665
2026-09-26T16:26:25,real,net,same-universe EW,"{""size"": 500, ""min_price"": 20.0, ""liquidity_months"": 6, ""min_history_months"": 13, ""min_days_last_month"": 10}","{""capital"": 1000000.0, ""k"": 0.7, ""brokerage"": 0.0, ""band"": 0.25, ""tax"": false, ""costs"": true, ""spread_floor"": 0.0}",4dea28073e
2026-09-26T16:26:25,real,net,same-universe EW,"{""size"": 500, ""min_price"": 20.0, ""liquidity_months"": 6, ""min_history_months"": 13, ""min_days_last_month"": 10}","{""capital"": 1000000.0, ""k"": 0.7, ""brokerage"": 0.0, ""band"": 0.25, ""tax"": true, ""costs"": true, ""spread_floor"": 0.0}",85b1c9ce4c
2026-09-26T16:26:26,real,net,same-universe EW,"{""size"": 500, ""min_price"": 20.0, ""liquidity_months"": 6, ""min_history_months"": 13, ""min_days_last_month"": 10}","{""capital"": 1000000.0, ""k"": 0.7, ""brokerage"": 0.003, ""band"": 0.25, ""tax"": false, ""costs"": true, ""spread_floor"": 0.0}",b597f3e54d
2026-09-26T16:26:26,real,net,same-universe EW,"{""size"": 500, ""min_price"": 20.0, ""liquidity_months"": 6, ""min_history_months"": 13, ""min_days_last_month"": 10}","{""capital"": 1000000.0, ""k"": 0.7, ""brokerage"": 0.0, ""band"": 0.25, ""tax"": false, ""costs"": true, ""spread_floor"": 0.001}",2fc2d6c748
2026-09-26T16:26:26,real,net,H1 momentum12_top10,"{""size"": 500, ""min_price"": 20.0, ""liquidity_months"": 6, ""min_history_months"": 13, ""min_days_last_month"": 10}","{""capital"": 1000000.0, ""k"": 0.7, ""brokerage"": 0.0, ""band"": 0.25, ""tax"": false, ""costs"": true, ""spread_floor"": 0.0}",dcb21ef0cc
2026-09-26T16:26:26,real,net,H1 momentum12_top10,"{""size"": 500, ""min_price"": 20.0, ""liquidity_months"": 6, ""min_history_months"": 13, ""min_days_last_month"": 10}","{""capital"": 1000000.0, ""k"": 0.7, ""brokerage"": 0.0, ""band"": 0.25, ""tax"": true, ""costs"": true, ""spread_floor"": 0.0}",f3d59d2b6a
2026-09-26T16:26:26,real,net,H1 momentum12_top10,"{""size"": 500, ""min_price"": 20.0, ""liquidity_months"": 6, ""min_history_months"": 13, ""min_days_last_month"": 10}","{""capital"": 1000000.0, ""k"": 0.7, ""brokerage"": 0.003, ""band"": 0.25, ""tax"": false, ""costs"": true, ""spread_floor"": 0.0}",0f54be5741
2026-09-26T16:26:26,real,net,H1 momentum12_top10,"{""size"": 500, ""min_price"": 20.0, ""liquidity_months"": 6, ""min_history_months"": 13, ""min_days_last_month"": 10}","{""capital"": 1000000.0, ""k"": 0.7, ""brokerage"": 0.0, ""band"": 0.25, ""tax"": false, ""costs"": true, ""spread_floor"": 0.001}",e3b315af23
2026-09-26T16:26:26,real,net,H4 low_vol12_top10,"{""size"": 500, ""min_price"": 20.0, ""liquidity_months"": 6, ""min_history_months"": 13, ""min_days_last_month"": 10}","{""capital"": 1000000.0, ""k"": 0.7, ""brokerage"": 0.0, ""band"": 0.25, ""tax"": false, ""costs"": true, ""spread_floor"": 0.0}",44ef8407a9
2026-09-26T16:26:26,real,net,H4 low_vol12_top10,"{""size"": 500, ""min_price"": 20.0, ""liquidity_months"": 6, ""min_history_months"": 13, ""min_days_last_month"": 10}","{""capital"": 1000000.0, ""k"": 0.7, ""brokerage"": 0.0, ""band"": 0.25, ""tax"": true, ""costs"": true, ""spread_floor"": 0.0}",d770825d97
2026-09-26T16:26:26,real,net,H4 low_vol12_top10,"{""size"": 500, ""min_price"": 20.0, ""liquidity_months"": 6, ""min_history_months"": 13, ""min_days_last_month"": 10}","{""capital"": 1000000.0, ""k"": 0.7, ""brokerage"": 0.003, ""band"": 0.25, ""tax"": false, ""costs"": true, ""spread_floor"": 0.0}",f8c7c304ec
2026-09-26T16:26:26,real,net,H4 low_vol12_top10,"{""size"": 500, ""min_price"": 20.0, ""liquidity_months"": 6, ""min_history_months"": 13, ""min_days_last_month"": 10}","{""capital"": 1000000.0, ""k"": 0.7, ""brokerage"": 0.0, ""band"": 0.25, ""tax"": false, ""costs"": true, ""spread_floor"": 0.001}",9f8097b043
2026-09-26T16:26:26,real,net,H5 reversal_top10,"{""size"": 500, ""min_price"": 20.0, ""liquidity_months"": 6, ""min_history_months"": 13, ""min_days_last_month"": 10}","{""capital"": 1000000.0, ""k"": 0.7, ""brokerage"": 0.0, ""band"": 0.25, ""tax"": false, ""costs"": true, ""spread_floor"": 0.0}",eddfc9a9ae
2026-09-26T16:26:26,real,net,H5 reversal_top10,"{""size"": 500, ""min_price"": 20.0, ""liquidity_months"": 6, ""min_history_months"": 13, ""min_days_last_month"": 10}","{""capital"": 1000000.0, ""k"": 0.7, ""brokerage"": 0.0, ""band"": 0.25, ""tax"": true, ""costs"": true, ""spread_floor"": 0.0}",5d2c850457
2026-09-26T16:26:27,real,net,H5 reversal_top10,"{""size"": 500, ""min_price"": 20.0, ""liquidity_months"": 6, ""min_history_months"": 13, ""min_days_last_month"": 10}","{""capital"": 1000000.0, ""k"": 0.7, ""brokerage"": 0.003, ""band"": 0.25, ""tax"": false, ""costs"": true, ""spread_floor"": 0.0}",98b56ced47
2026-09-26T16:26:27,real,net,H5 reversal_top10,"{""size"": 500, ""min_price"": 20.0, ""liquidity_months"": 6, ""min_history_months"": 13, ""min_days_last_month"": 10}","{""capital"": 1000000.0, ""k"": 0.7, ""brokerage"": 0.0, ""band"": 0.25, ""tax"": false, ""costs"": true, ""spread_floor"": 0.001}",108431d244
2026-09-26T16:26:27,real,net,momentum12_top10 cap,"{""size"": 500, ""min_price"": 20.0, ""liquidity_months"": 6, ""min_history_months"": 13, ""min_days_last_month"": 10}","{""capital"": 1000000.0, ""k"": 0.0, ""brokerage"": 0.0, ""band"": 0.25, ""tax"": false, ""costs"": true, ""spread_floor"": 0.0}",9fe23418b7
2026-09-26T16:26:27,real,net,momentum12_top10 cap,"{""size"": 500, ""min_price"": 20.0, ""liquidity_months"": 6, ""min_history_months"": 13, ""min_days_last_month"": 10}","{""capital"": 1000000.0, ""k"": 0.7, ""brokerage"": 0.0, ""band"": 0.25, ""tax"": false, ""costs"": true, ""spread_floor"": 0.0}",8d90c50e4b
2026-09-26T16:26:27,real,net,momentum12_top10 cap,"{""size"": 500, ""min_price"": 20.0, ""liquidity_months"": 6, ""min_history_months"": 13, ""min_days_last_month"": 10}","{""capital"": 1000000.0, ""k"": 1.5, ""brokerage"": 0.0, ""band"": 0.25, ""tax"": false, ""costs"": true, ""spread_floor"": 0.0}",04cb342198
2026-09-26T16:26:27,real,net,momentum12_top10 cap,"{""size"": 500, ""min_price"": 20.0, ""liquidity_months"": 6, ""min_history_months"": 13, ""min_days_last_month"": 10}","{""capital"": 10000000.0, ""k"": 0.0, ""brokerage"": 0.0, ""band"": 0.25, ""tax"": false, ""costs"": true, ""spread_floor"": 0.0}",567cceda6d
2026-09-26T16:26:27,real,net,momentum12_top10 cap,"{""size"": 500, ""min_price"": 20.0, ""liquidity_months"": 6, ""min_history_months"": 13, ""min_days_last_month"": 10}","{""capital"": 10000000.0, ""k"": 0.7, ""brokerage"": 0.0, ""band"": 0.25, ""tax"": false, ""costs"": true, ""spread_floor"": 0.0}",3296da7489
2026-09-26T16:26:27,real,net,momentum12_top10 cap,"{""size"": 500, ""min_price"": 20.0, ""liquidity_months"": 6, ""min_history_months"": 13, ""min_days_last_month"": 10}","{""capital"": 10000000.0, ""k"": 1.5, ""brokerage"": 0.0, ""band"": 0.25, ""tax"": false, ""costs"": true, ""spread_floor"": 0.0}",bbbc598b73
2026-09-26T16:26:27,real,net,momentum12_top10 cap,"{""size"": 500, ""min_price"": 20.0, ""liquidity_months"": 6, ""min_history_months"": 13, ""min_days_last_month"": 10}","{""capital"": 100000000.0, ""k"": 0.0, ""brokerage"": 0.0, ""band"": 0.25, ""tax"": false, ""costs"": true, ""spread_floor"": 0.0}",f7e09ce063
2026-09-26T16:26:27,real,net,momentum12_top10 cap,"{""size"": 500, ""min_price"": 20.0, ""liquidity_months"": 6, ""min_history_months"": 13, ""min_days_last_month"": 10}","{""capital"": 100000000.0, ""k"": 0.7, ""brokerage"": 0.0, ""band"": 0.25, ""tax"": false, ""costs"": true, ""spread_floor"": 0.0}",60fbb2fe9a
2026-09-26T16:26:27,real,net,momentum12_top10 cap,"{""size"": 500, ""min_price"": 20.0, ""liquidity_months"": 6, ""min_history_months"": 13, ""min_days_last_month"": 10}","{""capital"": 100000000.0, ""k"": 1.5, ""brokerage"": 0.0, ""band"": 0.25, ""tax"": false, ""costs"": true, ""spread_floor"": 0.0}",6d289dc51a
2026-09-26T16:26:27,real,net,momentum12_top10 cap,"{""size"": 500, ""min_price"": 20.0, ""liquidity_months"": 6, ""min_history_months"": 13, ""min_days_last_month"": 10}","{""capital"": 1000000000.0, ""k"": 0.0, ""brokerage"": 0.0, ""band"": 0.25, ""tax"": false, ""costs"": true, ""spread_floor"": 0.0}",6a13de85e6
2026-09-26T16:26:27,real,net,momentum12_top10 cap,"{""size"": 500, ""min_price"": 20.0, ""liquidity_months"": 6, ""min_history_months"": 13, ""min_days_last_month"": 10}","{""capital"": 1000000000.0, ""k"": 0.7, ""brokerage"": 0.0, ""band"": 0.25, ""tax"": false, ""costs"": true, ""spread_floor"": 0.0}",83ca0bbfff
2026-09-26T16:26:27,real,net,momentum12_top10 cap,"{""size"": 500, ""min_price"": 20.0, ""liquidity_months"": 6, ""min_history_months"": 13, ""min_days_last_month"": 10}","{""capital"": 1000000000.0, ""k"": 1.5, ""brokerage"": 0.0, ""band"": 0.25, ""tax"": false, ""costs"": true, ""spread_floor"": 0.0}",e2ed31334c
2026-09-26T16:26:27,real,net,low_vol12_top10 cap,"{""size"": 500, ""min_price"": 20.0, ""liquidity_months"": 6, ""min_history_months"": 13, ""min_days_last_month"": 10}","{""capital"": 1000000.0, ""k"": 0.0, ""brokerage"": 0.0, ""band"": 0.25, ""tax"": false, ""costs"": true, ""spread_floor"": 0.0}",92b2a8e2b1
2026-09-26T16:26:28,real,net,low_vol12_top10 cap,"{""size"": 500, ""min_price"": 20.0, ""liquidity_months"": 6, ""min_history_months"": 13, ""min_days_last_month"": 10}","{""capital"": 1000000.0, ""k"": 0.7, ""brokerage"": 0.0, ""band"": 0.25, ""tax"": false, ""costs"": true, ""spread_floor"": 0.0}",e864d908f3
2026-09-26T16:26:28,real,net,low_vol12_top10 cap,"{""size"": 500, ""min_price"": 20.0, ""liquidity_months"": 6, ""min_history_months"": 13, ""min_days_last_month"": 10}","{""capital"": 1000000.0, ""k"": 1.5, ""brokerage"": 0.0, ""band"": 0.25, ""tax"": false, ""costs"": true, ""spread_floor"": 0.0}",f9b7e3c414
2026-09-26T16:26:28,real,net,low_vol12_top10 cap,"{""size"": 500, ""min_price"": 20.0, ""liquidity_months"": 6, ""min_history_months"": 13, ""min_days_last_month"": 10}","{""capital"": 10000000.0, ""k"": 0.0, ""brokerage"": 0.0, ""band"": 0.25, ""tax"": false, ""costs"": true, ""spread_floor"": 0.0}",2d27035f22
2026-09-26T16:26:28,real,net,low_vol12_top10 cap,"{""size"": 500, ""min_price"": 20.0, ""liquidity_months"": 6, ""min_history_months"": 13, ""min_days_last_month"": 10}","{""capital"": 10000000.0, ""k"": 0.7, ""brokerage"": 0.0, ""band"": 0.25, ""tax"": false, ""costs"": true, ""spread_floor"": 0.0}",779863c295
2026-09-26T16:26:28,real,net,low_vol12_top10 cap,"{""size"": 500, ""min_price"": 20.0, ""liquidity_months"": 6, ""min_history_months"": 13, ""min_days_last_month"": 10}","{""capital"": 10000000.0, ""k"": 1.5, ""brokerage"": 0.0, ""band"": 0.25, ""tax"": false, ""costs"": true, ""spread_floor"": 0.0}",806e71eaa3
2026-09-26T16:26:28,real,net,low_vol12_top10 cap,"{""size"": 500, ""min_price"": 20.0, ""liquidity_months"": 6, ""min_history_months"": 13, ""min_days_last_month"": 10}","{""capital"": 100000000.0, ""k"": 0.0, ""brokerage"": 0.0, ""band"": 0.25, ""tax"": false, ""costs"": true, ""spread_floor"": 0.0}",3e1d504cdc
2026-09-26T16:26:28,real,net,low_vol12_top10 cap,"{""size"": 500, ""min_price"": 20.0, ""liquidity_months"": 6, ""min_history_months"": 13, ""min_days_last_month"": 10}","{""capital"": 100000000.0, ""k"": 0.7, ""brokerage"": 0.0, ""band"": 0.25, ""tax"": false, ""costs"": true, ""spread_floor"": 0.0}",ca950866bd
2026-09-26T16:26:28,real,net,low_vol12_top10 cap,"{""size"": 500, ""min_price"": 20.0, ""liquidity_months"": 6, ""min_history_months"": 13, ""min_days_last_month"": 10}","{""capital"": 100000000.0, ""k"": 1.5, ""brokerage"": 0.0, ""band"": 0.25, ""tax"": false, ""costs"": true, ""spread_floor"": 0.0}",b9310e948a
2026-09-26T16:26:28,real,net,low_vol12_top10 cap,"{""size"": 500, ""min_price"": 20.0, ""liquidity_months"": 6, ""min_history_months"": 13, ""min_days_last_month"": 10}","{""capital"": 1000000000.0, ""k"": 0.0, ""brokerage"": 0.0, ""band"": 0.25, ""tax"": false, ""costs"": true, ""spread_floor"": 0.0}",2f904e1e7c
2026-09-26T16:26:28,real,net,low_vol12_top10 cap,"{""size"": 500, ""min_price"": 20.0, ""liquidity_months"": 6, ""min_history_months"": 13, ""min_days_last_month"": 10}","{""capital"": 1000000000.0, ""k"": 0.7, ""brokerage"": 0.0, ""band"": 0.25, ""tax"": false, ""costs"": true, ""spread_floor"": 0.0}",7daf5949d8
2026-09-26T16:26:28,real,net,low_vol12_top10 cap,"{""size"": 500, ""min_price"": 20.0, ""liquidity_months"": 6, ""min_history_months"": 13, ""min_days_last_month"": 10}","{""capital"": 1000000000.0, ""k"": 1.5, ""brokerage"": 0.0, ""band"": 0.25, ""tax"": false, ""costs"": true, ""spread_floor"": 0.0}",971b8d653e
2026-09-26T16:26:28,real,net,reversal_top10 cap,"{""size"": 500, ""min_price"": 20.0, ""liquidity_months"": 6, ""min_history_months"": 13, ""min_days_last_month"": 10}","{""capital"": 1000000.0, ""k"": 0.0, ""brokerage"": 0.0, ""band"": 0.25, ""tax"": false, ""costs"": true, ""spread_floor"": 0.0}",5051b382ab
2026-09-26T16:26:28,real,net,reversal_top10 cap,"{""size"": 500, ""min_price"": 20.0, ""liquidity_months"": 6, ""min_history_months"": 13, ""min_days_last_month"": 10}","{""capital"": 1000000.0, ""k"": 0.7, ""brokerage"": 0.0, ""band"": 0.25, ""tax"": false, ""costs"": true, ""spread_floor"": 0.0}",6b595e3963
2026-09-26T16:26:28,real,net,reversal_top10 cap,"{""size"": 500, ""min_price"": 20.0, ""liquidity_months"": 6, ""min_history_months"": 13, ""min_days_last_month"": 10}","{""capital"": 1000000.0, ""k"": 1.5, ""brokerage"": 0.0, ""band"": 0.25, ""tax"": false, ""costs"": true, ""spread_floor"": 0.0}",77b5ceeb49
2026-09-26T16:26:28,real,net,reversal_top10 cap,"{""size"": 500, ""min_price"": 20.0, ""liquidity_months"": 6, ""min_history_months"": 13, ""min_days_last_month"": 10}","{""capital"": 10000000.0, ""k"": 0.0, ""brokerage"": 0.0, ""band"": 0.25, ""tax"": false, ""costs"": true, ""spread_floor"": 0.0}",3de4313807
2026-09-26T16:26:28,real,net,reversal_top10 cap,"{""size"": 500, ""min_price"": 20.0, ""liquidity_months"": 6, ""min_history_months"": 13, ""min_days_last_month"": 10}","{""capital"": 10000000.0, ""k"": 0.7, ""brokerage"": 0.0, ""band"": 0.25, ""tax"": false, ""costs"": true, ""spread_floor"": 0.0}",206e0c6033
2026-09-26T16:26:28,real,net,reversal_top10 cap,"{""size"": 500, ""min_price"": 20.0, ""liquidity_months"": 6, ""min_history_months"": 13, ""min_days_last_month"": 10}","{""capital"": 10000000.0, ""k"": 1.5, ""brokerage"": 0.0, ""band"": 0.25, ""tax"": false, ""costs"": true, ""spread_floor"": 0.0}",d4dde9bd42
2026-09-26T16:26:28,real,net,reversal_top10 cap,"{""size"": 500, ""min_price"": 20.0, ""liquidity_months"": 6, ""min_history_months"": 13, ""min_days_last_month"": 10}","{""capital"": 100000000.0, ""k"": 0.0, ""brokerage"": 0.0, ""band"": 0.25, ""tax"": false, ""costs"": true, ""spread_floor"": 0.0}",66cfa4ea89
2026-09-26T16:26:28,real,net,reversal_top10 cap,"{""size"": 500, ""min_price"": 20.0, ""liquidity_months"": 6, ""min_history_months"": 13, ""min_days_last_month"": 10}","{""capital"": 100000000.0, ""k"": 0.7, ""brokerage"": 0.0, ""band"": 0.25, ""tax"": false, ""costs"": true, ""spread_floor"": 0.0}",5e5e9defb5
2026-09-26T16:26:29,real,net,reversal_top10 cap,"{""size"": 500, ""min_price"": 20.0, ""liquidity_months"": 6, ""min_history_months"": 13, ""min_days_last_month"": 10}","{""capital"": 100000000.0, ""k"": 1.5, ""brokerage"": 0.0, ""band"": 0.25, ""tax"": false, ""costs"": true, ""spread_floor"": 0.0}",2cf9edabdb
2026-09-26T16:26:29,real,net,reversal_top10 cap,"{""size"": 500, ""min_price"": 20.0, ""liquidity_months"": 6, ""min_history_months"": 13, ""min_days_last_month"": 10}","{""capital"": 1000000000.0, ""k"": 0.0, ""brokerage"": 0.0, ""band"": 0.25, ""tax"": false, ""costs"": true, ""spread_floor"": 0.0}",cae1d2187d
2026-09-26T16:26:29,real,net,reversal_top10 cap,"{""size"": 500, ""min_price"": 20.0, ""liquidity_months"": 6, ""min_history_months"": 13, ""min_days_last_month"": 10}","{""capital"": 1000000000.0, ""k"": 0.7, ""brokerage"": 0.0, ""band"": 0.25, ""tax"": false, ""costs"": true, ""spread_floor"": 0.0}",3071f92c2f
2026-09-26T16:26:29,real,net,reversal_top10 cap,"{""size"": 500, ""min_price"": 20.0, ""liquidity_months"": 6, ""min_history_months"": 13, ""min_days_last_month"": 10}","{""capital"": 1000000000.0, ""k"": 1.5, ""brokerage"": 0.0, ""band"": 0.25, ""tax"": false, ""costs"": true, ""spread_floor"": 0.0}",c5b05b78c3
2026-09-26T16:26:31,real,gross,momentum12_top10,"{""size"": 500, ""min_price"": 20.0, ""liquidity_months"": 6, ""min_history_months"": 13, ""min_days_last_month"": 10}",{},26925529fc
2026-09-26T16:26:31,real,gross,momentum12_top20,"{""size"": 500, ""min_price"": 20.0, ""liquidity_months"": 6, ""min_history_months"": 13, ""min_days_last_month"": 10}",{},d44960edfd
2026-09-26T16:26:31,real,gross,momentum6_top10,"{""size"": 500, ""min_price"": 20.0, ""liquidity_months"": 6, ""min_history_months"": 13, ""min_days_last_month"": 10}",{},ceea6f0533
2026-09-26T16:26:31,real,gross,momentum6_top20,"{""size"": 500, ""min_price"": 20.0, ""liquidity_months"": 6, ""min_history_months"": 13, ""min_days_last_month"": 10}",{},406621f630
2026-09-26T16:26:31,real,gross,reversal_top10,"{""size"": 500, ""min_price"": 20.0, ""liquidity_months"": 6, ""min_history_months"": 13, ""min_days_last_month"": 10}",{},7a8f7842ea
2026-09-26T16:26:31,real,gross,reversal_top20,"{""size"": 500, ""min_price"": 20.0, ""liquidity_months"": 6, ""min_history_months"": 13, ""min_days_last_month"": 10}",{},c991e4c13b
2026-09-26T16:26:31,real,gross,low_vol12_top10,"{""size"": 500, ""min_price"": 20.0, ""liquidity_months"": 6, ""min_history_months"": 13, ""min_days_last_month"": 10}",{},b738db5e10
2026-09-26T16:26:31,real,gross,low_vol12_top20,"{""size"": 500, ""min_price"": 20.0, ""liquidity_months"": 6, ""min_history_months"": 13, ""min_days_last_month"": 10}",{},0652e03619
2026-09-26T16:26:31,real,gross,low_vol6_top10,"{""size"": 500, ""min_price"": 20.0, ""liquidity_months"": 6, ""min_history_months"": 13, ""min_days_last_month"": 10}",{},03ddb03457
2026-09-26T16:26:32,real,gross,low_vol6_top20,"{""size"": 500, ""min_price"": 20.0, ""liquidity_months"": 6, ""min_history_months"": 13, ""min_days_last_month"": 10}",{},ea43f411ac
2026-09-26T16:26:32,real,gross,high_52w_top10,"{""size"": 500, ""min_price"": 20.0, ""liquidity_months"": 6, ""min_history_months"": 13, ""min_days_last_month"": 10}",{},afe3f98c18
2026-09-26T16:26:32,real,gross,high_52w_top20,"{""size"": 500, ""min_price"": 20.0, ""liquidity_months"": 6, ""min_history_months"": 13, ""min_days_last_month"": 10}",{},5bd5967fa8
2026-09-26T16:26:41,real,gross_long_short,momentum12_top10,"{""size"": 500, ""min_price"": 20.0, ""liquidity_months"": 6, ""min_history_months"": 13, ""min_days_last_month"": 10}",{},dc6d128945
2026-09-26T16:26:41,real,gross_long_short,reversal_top10,"{""size"": 500, ""min_price"": 20.0, ""liquidity_months"": 6, ""min_history_months"": 13, ""min_days_last_month"": 10}",{},6095b09c6c
2026-09-26T16:29:10,real,gross,same_universe_ew,"{""size"": 500, ""min_price"": 20.0, ""liquidity_months"": 6, ""min_history_months"": 13, ""min_days_last_month"": 10}",{},a56807dab2
2026-09-26T16:29:10,real,gross,momentum12_top10,"{""size"": 500, ""min_price"": 20.0, ""liquidity_months"": 6, ""min_history_months"": 13, ""min_days_last_month"": 10}",{},f673c8462c
2026-09-26T16:29:10,real,gross_long_short,momentum12_top10,"{""size"": 500, ""min_price"": 20.0, ""liquidity_months"": 6, ""min_history_months"": 13, ""min_days_last_month"": 10}",{},66cae4514f
2026-09-26T16:29:10,real,gross,momentum12_top20,"{""size"": 500, ""min_price"": 20.0, ""liquidity_months"": 6, ""min_history_months"": 13, ""min_days_last_month"": 10}",{},cdcdaffb28
2026-09-26T16:29:10,real,gross_long_short,momentum12_top20,"{""size"": 500, ""min_price"": 20.0, ""liquidity_months"": 6, ""min_history_months"": 13, ""min_days_last_month"": 10}",{},8f0145943c
2026-09-26T16:29:10,real,gross,momentum6_top10,"{""size"": 500, ""min_price"": 20.0, ""liquidity_months"": 6, ""min_history_months"": 13, ""min_days_last_month"": 10}",{},8e3d764570
2026-09-26T16:29:10,real,gross_long_short,momentum6_top10,"{""size"": 500, ""min_price"": 20.0, ""liquidity_months"": 6, ""min_history_months"": 13, ""min_days_last_month"": 10}",{},6f7474bed6
2026-09-26T16:29:10,real,gross,momentum6_top20,"{""size"": 500, ""min_price"": 20.0, ""liquidity_months"": 6, ""min_history_months"": 13, ""min_days_last_month"": 10}",{},ac167756f5
2026-09-26T16:29:10,real,gross_long_short,momentum6_top20,"{""size"": 500, ""min_price"": 20.0, ""liquidity_months"": 6, ""min_history_months"": 13, ""min_days_last_month"": 10}",{},71e6bbfcc7
2026-09-26T16:29:10,real,gross,reversal_top10,"{""size"": 500, ""min_price"": 20.0, ""liquidity_months"": 6, ""min_history_months"": 13, ""min_days_last_month"": 10}",{},505b125e39
2026-09-26T16:29:10,real,gross_long_short,reversal_top10,"{""size"": 500, ""min_price"": 20.0, ""liquidity_months"": 6, ""min_history_months"": 13, ""min_days_last_month"": 10}",{},4f38129f0a
2026-09-26T16:29:10,real,gross,reversal_top20,"{""size"": 500, ""min_price"": 20.0, ""liquidity_months"": 6, ""min_history_months"": 13, ""min_days_last_month"": 10}",{},37f747ec9c
2026-09-26T16:29:10,real,gross_long_short,reversal_top20,"{""size"": 500, ""min_price"": 20.0, ""liquidity_months"": 6, ""min_history_months"": 13, ""min_days_last_month"": 10}",{},dad43aff75
2026-09-26T16:29:10,real,gross,low_vol12_top10,"{""size"": 500, ""min_price"": 20.0, ""liquidity_months"": 6, ""min_history_months"": 13, ""min_days_last_month"": 10}",{},20850c16c1
2026-09-26T16:29:11,real,gross_long_short,low_vol12_top10,"{""size"": 500, ""min_price"": 20.0, ""liquidity_months"": 6, ""min_history_months"": 13, ""min_days_last_month"": 10}",{},adc153b881
2026-09-26T16:29:11,real,gross,low_vol12_top20,"{""size"": 500, ""min_price"": 20.0, ""liquidity_months"": 6, ""min_history_months"": 13, ""min_days_last_month"": 10}",{},99efec4a82
2026-09-26T16:29:11,real,gross_long_short,low_vol12_top20,"{""size"": 500, ""min_price"": 20.0, ""liquidity_months"": 6, ""min_history_months"": 13, ""min_days_last_month"": 10}",{},7f63b757a1
2026-09-26T16:29:11,real,gross,low_vol6_top10,"{""size"": 500, ""min_price"": 20.0, ""liquidity_months"": 6, ""min_history_months"": 13, ""min_days_last_month"": 10}",{},97e8469a54
2026-09-26T16:29:12,real,gross_long_short,low_vol6_top10,"{""size"": 500, ""min_price"": 20.0, ""liquidity_months"": 6, ""min_history_months"": 13, ""min_days_last_month"": 10}",{},1111b411b7
2026-09-26T16:29:12,real,gross,low_vol6_top20,"{""size"": 500, ""min_price"": 20.0, ""liquidity_months"": 6, ""min_history_months"": 13, ""min_days_last_month"": 10}",{},7bc7bc5fbf
2026-09-26T16:29:13,real,gross_long_short,low_vol6_top20,"{""size"": 500, ""min_price"": 20.0, ""liquidity_months"": 6, ""min_history_months"": 13, ""min_days_last_month"": 10}",{},0fba3fb346
2026-09-26T16:29:13,real,gross,high_52w_top10,"{""size"": 500, ""min_price"": 20.0, ""liquidity_months"": 6, ""min_history_months"": 13, ""min_days_last_month"": 10}",{},ce894e493f
2026-09-26T16:29:13,real,gross_long_short,high_52w_top10,"{""size"": 500, ""min_price"": 20.0, ""liquidity_months"": 6, ""min_history_months"": 13, ""min_days_last_month"": 10}",{},e0db736783
2026-09-26T16:29:13,real,gross,high_52w_top20,"{""size"": 500, ""min_price"": 20.0, ""liquidity_months"": 6, ""min_history_months"": 13, ""min_days_last_month"": 10}",{},f97ad75108
2026-09-26T16:29:13,real,gross_long_short,high_52w_top20,"{""size"": 500, ""min_price"": 20.0, ""liquidity_months"": 6, ""min_history_months"": 13, ""min_days_last_month"": 10}",{},4d00a84442
2026-09-30T20:31:23,real,gross,same_universe_ew,"{""size"": 500, ""min_price"": 20.0, ""liquidity_months"": 6, ""min_history_months"": 13, ""min_days_last_month"": 10}",{},a3f8faf887
2026-09-30T20:31:23,real,gross,S0,"{""size"": 500, ""min_price"": 20.0, ""liquidity_months"": 6, ""min_history_months"": 13, ""min_days_last_month"": 10}",{},356713dcf3
2026-09-30T20:31:23,real,net,S0,"{""size"": 500, ""min_price"": 20.0, ""liquidity_months"": 6, ""min_history_months"": 13, ""min_days_last_month"": 10}","{""capital"": 1000000.0, ""k"": 0.7, ""brokerage"": 0.0, ""band"": 0.25, ""tax"": false, ""costs"": true, ""spread_floor"": 0.0, ""cash_yield"": 0.06}",5ec443df7e
2026-09-30T20:31:23,real,net,S0,"{""size"": 500, ""min_price"": 20.0, ""liquidity_months"": 6, ""min_history_months"": 13, ""min_days_last_month"": 10}","{""capital"": 1000000.0, ""k"": 0.7, ""brokerage"": 0.0, ""band"": 0.25, ""tax"": true, ""costs"": true, ""spread_floor"": 0.0, ""cash_yield"": 0.06}",e746bfadef
2026-09-30T20:31:23,real,net,S0,"{""size"": 500, ""min_price"": 20.0, ""liquidity_months"": 6, ""min_history_months"": 13, ""min_days_last_month"": 10}","{""capital"": 1000000.0, ""k"": 0.7, ""brokerage"": 0.0, ""band"": 0.25, ""tax"": false, ""costs"": true, ""spread_floor"": 0.0, ""cash_yield"": 0.0}",7c947e5e2a
2026-09-30T20:31:23,real,gross,S1,"{""size"": 500, ""min_price"": 20.0, ""liquidity_months"": 6, ""min_history_months"": 13, ""min_days_last_month"": 10}",{},2438585ec5
2026-09-30T20:31:23,real,net,S1,"{""size"": 500, ""min_price"": 20.0, ""liquidity_months"": 6, ""min_history_months"": 13, ""min_days_last_month"": 10}","{""capital"": 1000000.0, ""k"": 0.7, ""brokerage"": 0.0, ""band"": 0.25, ""tax"": false, ""costs"": true, ""spread_floor"": 0.0, ""cash_yield"": 0.06}",61e0b34aff
2026-09-30T20:31:23,real,net,S1,"{""size"": 500, ""min_price"": 20.0, ""liquidity_months"": 6, ""min_history_months"": 13, ""min_days_last_month"": 10}","{""capital"": 1000000.0, ""k"": 0.7, ""brokerage"": 0.0, ""band"": 0.25, ""tax"": true, ""costs"": true, ""spread_floor"": 0.0, ""cash_yield"": 0.06}",fdc7d9855a
2026-09-30T20:31:23,real,net,S1,"{""size"": 500, ""min_price"": 20.0, ""liquidity_months"": 6, ""min_history_months"": 13, ""min_days_last_month"": 10}","{""capital"": 1000000.0, ""k"": 0.7, ""brokerage"": 0.0, ""band"": 0.25, ""tax"": false, ""costs"": true, ""spread_floor"": 0.0, ""cash_yield"": 0.0}",dc37418657
2026-09-30T20:31:23,real,gross,S2,"{""size"": 500, ""min_price"": 20.0, ""liquidity_months"": 6, ""min_history_months"": 13, ""min_days_last_month"": 10}",{},bf3d79d43c
2026-09-30T20:31:23,real,net,S2,"{""size"": 500, ""min_price"": 20.0, ""liquidity_months"": 6, ""min_history_months"": 13, ""min_days_last_month"": 10}","{""capital"": 1000000.0, ""k"": 0.7, ""brokerage"": 0.0, ""band"": 0.25, ""tax"": false, ""costs"": true, ""spread_floor"": 0.0, ""cash_yield"": 0.06}",330be77378
2026-09-30T20:31:23,real,net,S2,"{""size"": 500, ""min_price"": 20.0, ""liquidity_months"": 6, ""min_history_months"": 13, ""min_days_last_month"": 10}","{""capital"": 1000000.0, ""k"": 0.7, ""brokerage"": 0.0, ""band"": 0.25, ""tax"": true, ""costs"": true, ""spread_floor"": 0.0, ""cash_yield"": 0.06}",217005500a
2026-09-30T20:31:23,real,net,S2,"{""size"": 500, ""min_price"": 20.0, ""liquidity_months"": 6, ""min_history_months"": 13, ""min_days_last_month"": 10}","{""capital"": 1000000.0, ""k"": 0.7, ""brokerage"": 0.0, ""band"": 0.25, ""tax"": false, ""costs"": true, ""spread_floor"": 0.0, ""cash_yield"": 0.0}",6cd6cdbc12
2026-09-30T20:31:23,real,gross,S3,"{""size"": 500, ""min_price"": 20.0, ""liquidity_months"": 6, ""min_history_months"": 13, ""min_days_last_month"": 10}",{},8a9c39f3af
2026-09-30T20:31:23,real,net,S3,"{""size"": 500, ""min_price"": 20.0, ""liquidity_months"": 6, ""min_history_months"": 13, ""min_days_last_month"": 10}","{""capital"": 1000000.0, ""k"": 0.7, ""brokerage"": 0.0, ""band"": 0.25, ""tax"": false, ""costs"": true, ""spread_floor"": 0.0, ""cash_yield"": 0.06}",5c8b0113ba
2026-09-30T20:31:24,real,net,S3,"{""size"": 500, ""min_price"": 20.0, ""liquidity_months"": 6, ""min_history_months"": 13, ""min_days_last_month"": 10}","{""capital"": 1000000.0, ""k"": 0.7, ""brokerage"": 0.0, ""band"": 0.25, ""tax"": true, ""costs"": true, ""spread_floor"": 0.0, ""cash_yield"": 0.06}",c55a9afeaf
2026-09-30T20:31:24,real,net,S3,"{""size"": 500, ""min_price"": 20.0, ""liquidity_months"": 6, ""min_history_months"": 13, ""min_days_last_month"": 10}","{""capital"": 1000000.0, ""k"": 0.7, ""brokerage"": 0.0, ""band"": 0.25, ""tax"": false, ""costs"": true, ""spread_floor"": 0.0, ""cash_yield"": 0.0}",476de0b269
2026-09-30T20:31:24,real,gross,S4,"{""size"": 500, ""min_price"": 20.0, ""liquidity_months"": 6, ""min_history_months"": 13, ""min_days_last_month"": 10}",{},a6bc5a567e
2026-09-30T20:31:24,real,net,S4,"{""size"": 500, ""min_price"": 20.0, ""liquidity_months"": 6, ""min_history_months"": 13, ""min_days_last_month"": 10}","{""capital"": 1000000.0, ""k"": 0.7, ""brokerage"": 0.0, ""band"": 0.25, ""tax"": false, ""costs"": true, ""spread_floor"": 0.0, ""cash_yield"": 0.06}",e70245a4aa
2026-09-30T20:31:24,real,net,S4,"{""size"": 500, ""min_price"": 20.0, ""liquidity_months"": 6, ""min_history_months"": 13, ""min_days_last_month"": 10}","{""capital"": 1000000.0, ""k"": 0.7, ""brokerage"": 0.0, ""band"": 0.25, ""tax"": true, ""costs"": true, ""spread_floor"": 0.0, ""cash_yield"": 0.06}",3d2565dc37
2026-09-30T20:31:24,real,net,S4,"{""size"": 500, ""min_price"": 20.0, ""liquidity_months"": 6, ""min_history_months"": 13, ""min_days_last_month"": 10}","{""capital"": 1000000.0, ""k"": 0.7, ""brokerage"": 0.0, ""band"": 0.25, ""tax"": false, ""costs"": true, ""spread_floor"": 0.0, ""cash_yield"": 0.0}",7c77cf673b
2026-09-30T20:31:24,real,gross,S5,"{""size"": 500, ""min_price"": 20.0, ""liquidity_months"": 6, ""min_history_months"": 13, ""min_days_last_month"": 10}",{},4347004244
2026-09-30T20:31:24,real,net,S5,"{""size"": 500, ""min_price"": 20.0, ""liquidity_months"": 6, ""min_history_months"": 13, ""min_days_last_month"": 10}","{""capital"": 1000000.0, ""k"": 0.7, ""brokerage"": 0.0, ""band"": 0.25, ""tax"": false, ""costs"": true, ""spread_floor"": 0.0, ""cash_yield"": 0.06}",89d77eb6d9
2026-09-30T20:31:24,real,net,S5,"{""size"": 500, ""min_price"": 20.0, ""liquidity_months"": 6, ""min_history_months"": 13, ""min_days_last_month"": 10}","{""capital"": 1000000.0, ""k"": 0.7, ""brokerage"": 0.0, ""band"": 0.25, ""tax"": true, ""costs"": true, ""spread_floor"": 0.0, ""cash_yield"": 0.06}",e885991a61
2026-09-30T20:31:24,real,net,S5,"{""size"": 500, ""min_price"": 20.0, ""liquidity_months"": 6, ""min_history_months"": 13, ""min_days_last_month"": 10}","{""capital"": 1000000.0, ""k"": 0.7, ""brokerage"": 0.0, ""band"": 0.25, ""tax"": false, ""costs"": true, ""spread_floor"": 0.0, ""cash_yield"": 0.0}",70dde9aea5
2026-09-30T20:31:24,real,gross,S6,"{""size"": 500, ""min_price"": 20.0, ""liquidity_months"": 6, ""min_history_months"": 13, ""min_days_last_month"": 10}",{},deeb5b6e25
2026-09-30T20:31:24,real,net,S6,"{""size"": 500, ""min_price"": 20.0, ""liquidity_months"": 6, ""min_history_months"": 13, ""min_days_last_month"": 10}","{""capital"": 1000000.0, ""k"": 0.7, ""brokerage"": 0.0, ""band"": 0.25, ""tax"": false, ""costs"": true, ""spread_floor"": 0.0, ""cash_yield"": 0.06}",7b7f83a36e
2026-09-30T20:31:24,real,net,S6,"{""size"": 500, ""min_price"": 20.0, ""liquidity_months"": 6, ""min_history_months"": 13, ""min_days_last_month"": 10}","{""capital"": 1000000.0, ""k"": 0.7, ""brokerage"": 0.0, ""band"": 0.25, ""tax"": true, ""costs"": true, ""spread_floor"": 0.0, ""cash_yield"": 0.06}",265ad05573
2026-09-30T20:31:24,real,net,S6,"{""size"": 500, ""min_price"": 20.0, ""liquidity_months"": 6, ""min_history_months"": 13, ""min_days_last_month"": 10}","{""capital"": 1000000.0, ""k"": 0.7, ""brokerage"": 0.0, ""band"": 0.25, ""tax"": false, ""costs"": true, ""spread_floor"": 0.0, ""cash_yield"": 0.0}",2f8ebc6730
2026-09-30T20:31:24,real,gross,S7,"{""size"": 500, ""min_price"": 20.0, ""liquidity_months"": 6, ""min_history_months"": 13, ""min_days_last_month"": 10}",{},b638b6b30e
2026-09-30T20:31:24,real,net,S7,"{""size"": 500, ""min_price"": 20.0, ""liquidity_months"": 6, ""min_history_months"": 13, ""min_days_last_month"": 10}","{""capital"": 1000000.0, ""k"": 0.7, ""brokerage"": 0.0, ""band"": 0.25, ""tax"": false, ""costs"": true, ""spread_floor"": 0.0, ""cash_yield"": 0.06}",a6b2c81386
2026-09-30T20:31:24,real,net,S7,"{""size"": 500, ""min_price"": 20.0, ""liquidity_months"": 6, ""min_history_months"": 13, ""min_days_last_month"": 10}","{""capital"": 1000000.0, ""k"": 0.7, ""brokerage"": 0.0, ""band"": 0.25, ""tax"": true, ""costs"": true, ""spread_floor"": 0.0, ""cash_yield"": 0.06}",42046d6eec
2026-09-30T20:31:24,real,net,S7,"{""size"": 500, ""min_price"": 20.0, ""liquidity_months"": 6, ""min_history_months"": 13, ""min_days_last_month"": 10}","{""capital"": 1000000.0, ""k"": 0.7, ""brokerage"": 0.0, ""band"": 0.25, ""tax"": false, ""costs"": true, ""spread_floor"": 0.0, ""cash_yield"": 0.0}",f66d24e97a
2026-09-30T20:31:24,real,gross,S8,"{""size"": 500, ""min_price"": 20.0, ""liquidity_months"": 6, ""min_history_months"": 13, ""min_days_last_month"": 10}",{},4e0d796a0c
2026-09-30T20:31:24,real,net,S8,"{""size"": 500, ""min_price"": 20.0, ""liquidity_months"": 6, ""min_history_months"": 13, ""min_days_last_month"": 10}","{""capital"": 1000000.0, ""k"": 0.7, ""brokerage"": 0.0, ""band"": 0.25, ""tax"": false, ""costs"": true, ""spread_floor"": 0.0, ""cash_yield"": 0.06}",02eb0b4ffa
2026-09-30T20:31:24,real,net,S8,"{""size"": 500, ""min_price"": 20.0, ""liquidity_months"": 6, ""min_history_months"": 13, ""min_days_last_month"": 10}","{""capital"": 1000000.0, ""k"": 0.7, ""brokerage"": 0.0, ""band"": 0.25, ""tax"": true, ""costs"": true, ""spread_floor"": 0.0, ""cash_yield"": 0.06}",d1130da006
2026-09-30T20:31:24,real,net,S8,"{""size"": 500, ""min_price"": 20.0, ""liquidity_months"": 6, ""min_history_months"": 13, ""min_days_last_month"": 10}","{""capital"": 1000000.0, ""k"": 0.7, ""brokerage"": 0.0, ""band"": 0.25, ""tax"": false, ""costs"": true, ""spread_floor"": 0.0, ""cash_yield"": 0.0}",f37cc7435e
2026-09-30T20:31:24,real,gross,S5_n20,"{""size"": 500, ""min_price"": 20.0, ""liquidity_months"": 6, ""min_history_months"": 13, ""min_days_last_month"": 10}",{},3b636b0a2a
2026-09-30T20:31:24,real,net,S5_n20,"{""size"": 500, ""min_price"": 20.0, ""liquidity_months"": 6, ""min_history_months"": 13, ""min_days_last_month"": 10}","{""capital"": 1000000.0, ""k"": 0.7, ""brokerage"": 0.0, ""band"": 0.25, ""tax"": false, ""costs"": true, ""spread_floor"": 0.0, ""cash_yield"": 0.06}",185d4b78f9
2026-09-30T20:31:25,real,net,S5_n20,"{""size"": 500, ""min_price"": 20.0, ""liquidity_months"": 6, ""min_history_months"": 13, ""min_days_last_month"": 10}","{""capital"": 1000000.0, ""k"": 0.7, ""brokerage"": 0.0, ""band"": 0.25, ""tax"": true, ""costs"": true, ""spread_floor"": 0.0, ""cash_yield"": 0.06}",8340c841d6
2026-09-30T20:31:25,real,net,S5_n20,"{""size"": 500, ""min_price"": 20.0, ""liquidity_months"": 6, ""min_history_months"": 13, ""min_days_last_month"": 10}","{""capital"": 1000000.0, ""k"": 0.7, ""brokerage"": 0.0, ""band"": 0.25, ""tax"": false, ""costs"": true, ""spread_floor"": 0.0, ""cash_yield"": 0.0}",0715af2164
2026-09-30T20:31:25,real,gross,S5_n50,"{""size"": 500, ""min_price"": 20.0, ""liquidity_months"": 6, ""min_history_months"": 13, ""min_days_last_month"": 10}",{},86d436c8cc
2026-09-30T20:31:25,real,net,S5_n50,"{""size"": 500, ""min_price"": 20.0, ""liquidity_months"": 6, ""min_history_months"": 13, ""min_days_last_month"": 10}","{""capital"": 1000000.0, ""k"": 0.7, ""brokerage"": 0.0, ""band"": 0.25, ""tax"": false, ""costs"": true, ""spread_floor"": 0.0, ""cash_yield"": 0.06}",83e08811f1
2026-09-30T20:31:25,real,net,S5_n50,"{""size"": 500, ""min_price"": 20.0, ""liquidity_months"": 6, ""min_history_months"": 13, ""min_days_last_month"": 10}","{""capital"": 1000000.0, ""k"": 0.7, ""brokerage"": 0.0, ""band"": 0.25, ""tax"": true, ""costs"": true, ""spread_floor"": 0.0, ""cash_yield"": 0.06}",5c9c2eb0b4
2026-09-30T20:31:25,real,net,S5_n50,"{""size"": 500, ""min_price"": 20.0, ""liquidity_months"": 6, ""min_history_months"": 13, ""min_days_last_month"": 10}","{""capital"": 1000000.0, ""k"": 0.7, ""brokerage"": 0.0, ""band"": 0.25, ""tax"": false, ""costs"": true, ""spread_floor"": 0.0, ""cash_yield"": 0.0}",db9af5c8a0
2026-09-30T20:31:25,real,gross,ltrev_top10,"{""size"": 500, ""min_price"": 20.0, ""liquidity_months"": 6, ""min_history_months"": 13, ""min_days_last_month"": 10}",{},b3723ece54
2026-09-30T20:31:25,real,net,ltrev_top10,"{""size"": 500, ""min_price"": 20.0, ""liquidity_months"": 6, ""min_history_months"": 13, ""min_days_last_month"": 10}","{""capital"": 1000000.0, ""k"": 0.7, ""brokerage"": 0.0, ""band"": 0.25, ""tax"": false, ""costs"": true, ""spread_floor"": 0.0, ""cash_yield"": 0.06}",71ae6b454a
2026-09-30T20:31:25,real,net,ltrev_top10,"{""size"": 500, ""min_price"": 20.0, ""liquidity_months"": 6, ""min_history_months"": 13, ""min_days_last_month"": 10}","{""capital"": 1000000.0, ""k"": 0.7, ""brokerage"": 0.0, ""band"": 0.25, ""tax"": true, ""costs"": true, ""spread_floor"": 0.0, ""cash_yield"": 0.06}",8ef49c048b
2026-09-30T20:31:25,real,net,ltrev_top10,"{""size"": 500, ""min_price"": 20.0, ""liquidity_months"": 6, ""min_history_months"": 13, ""min_days_last_month"": 10}","{""capital"": 1000000.0, ""k"": 0.7, ""brokerage"": 0.0, ""band"": 0.25, ""tax"": false, ""costs"": true, ""spread_floor"": 0.0, ""cash_yield"": 0.0}",3c6e701e29
2026-09-30T20:31:25,real,gross,ltrev_top20,"{""size"": 500, ""min_price"": 20.0, ""liquidity_months"": 6, ""min_history_months"": 13, ""min_days_last_month"": 10}",{},e212897f9e
2026-09-30T20:31:25,real,net,ltrev_top20,"{""size"": 500, ""min_price"": 20.0, ""liquidity_months"": 6, ""min_history_months"": 13, ""min_days_last_month"": 10}","{""capital"": 1000000.0, ""k"": 0.7, ""brokerage"": 0.0, ""band"": 0.25, ""tax"": false, ""costs"": true, ""spread_floor"": 0.0, ""cash_yield"": 0.06}",29d965abd3
2026-09-30T20:31:25,real,net,ltrev_top20,"{""size"": 500, ""min_price"": 20.0, ""liquidity_months"": 6, ""min_history_months"": 13, ""min_days_last_month"": 10}","{""capital"": 1000000.0, ""k"": 0.7, ""brokerage"": 0.0, ""band"": 0.25, ""tax"": true, ""costs"": true, ""spread_floor"": 0.0, ""cash_yield"": 0.06}",b9a8eaadb7
2026-09-30T20:31:25,real,net,ltrev_top20,"{""size"": 500, ""min_price"": 20.0, ""liquidity_months"": 6, ""min_history_months"": 13, ""min_days_last_month"": 10}","{""capital"": 1000000.0, ""k"": 0.7, ""brokerage"": 0.0, ""band"": 0.25, ""tax"": false, ""costs"": true, ""spread_floor"": 0.0, ""cash_yield"": 0.0}",fd4e644de7
2026-09-30T20:31:25,real,gross,cheap5y_top10,"{""size"": 500, ""min_price"": 20.0, ""liquidity_months"": 6, ""min_history_months"": 13, ""min_days_last_month"": 10}",{},9e8dba8b81
2026-09-30T20:31:25,real,net,cheap5y_top10,"{""size"": 500, ""min_price"": 20.0, ""liquidity_months"": 6, ""min_history_months"": 13, ""min_days_last_month"": 10}","{""capital"": 1000000.0, ""k"": 0.7, ""brokerage"": 0.0, ""band"": 0.25, ""tax"": false, ""costs"": true, ""spread_floor"": 0.0, ""cash_yield"": 0.06}",ba0fe553c7
2026-09-30T20:31:25,real,net,cheap5y_top10,"{""size"": 500, ""min_price"": 20.0, ""liquidity_months"": 6, ""min_history_months"": 13, ""min_days_last_month"": 10}","{""capital"": 1000000.0, ""k"": 0.7, ""brokerage"": 0.0, ""band"": 0.25, ""tax"": true, ""costs"": true, ""spread_floor"": 0.0, ""cash_yield"": 0.06}",00ba897673
2026-09-30T20:31:25,real,net,cheap5y_top10,"{""size"": 500, ""min_price"": 20.0, ""liquidity_months"": 6, ""min_history_months"": 13, ""min_days_last_month"": 10}","{""capital"": 1000000.0, ""k"": 0.7, ""brokerage"": 0.0, ""band"": 0.25, ""tax"": false, ""costs"": true, ""spread_floor"": 0.0, ""cash_yield"": 0.0}",5df3bf7b9a
2026-09-30T20:31:25,real,gross,cheap5y_top20,"{""size"": 500, ""min_price"": 20.0, ""liquidity_months"": 6, ""min_history_months"": 13, ""min_days_last_month"": 10}",{},fec8c26e3e
2026-09-30T20:31:25,real,net,cheap5y_top20,"{""size"": 500, ""min_price"": 20.0, ""liquidity_months"": 6, ""min_history_months"": 13, ""min_days_last_month"": 10}","{""capital"": 1000000.0, ""k"": 0.7, ""brokerage"": 0.0, ""band"": 0.25, ""tax"": false, ""costs"": true, ""spread_floor"": 0.0, ""cash_yield"": 0.06}",259d337329
2026-09-30T20:31:25,real,net,cheap5y_top20,"{""size"": 500, ""min_price"": 20.0, ""liquidity_months"": 6, ""min_history_months"": 13, ""min_days_last_month"": 10}","{""capital"": 1000000.0, ""k"": 0.7, ""brokerage"": 0.0, ""band"": 0.25, ""tax"": true, ""costs"": true, ""spread_floor"": 0.0, ""cash_yield"": 0.06}",fa216562a6
2026-09-30T20:31:25,real,net,cheap5y_top20,"{""size"": 500, ""min_price"": 20.0, ""liquidity_months"": 6, ""min_history_months"": 13, ""min_days_last_month"": 10}","{""capital"": 1000000.0, ""k"": 0.7, ""brokerage"": 0.0, ""band"": 0.25, ""tax"": false, ""costs"": true, ""spread_floor"": 0.0, ""cash_yield"": 0.0}",a9f1f8bb51
2026-09-30T20:31:26,real,net,S0,"{""size"": 500, ""min_price"": 20.0, ""liquidity_months"": 6, ""min_history_months"": 13, ""min_days_last_month"": 10}","{""capital"": 1000000.0, ""k"": 0.7, ""brokerage"": 0.0, ""band"": 0.25, ""tax"": false, ""costs"": true, ""spread_floor"": 0.0, ""cash_yield"": 0.06}",7376b81c27
2026-09-30T20:31:26,real,net,S5,"{""size"": 500, ""min_price"": 20.0, ""liquidity_months"": 6, ""min_history_months"": 13, ""min_days_last_month"": 10}","{""capital"": 1000000.0, ""k"": 0.7, ""brokerage"": 0.0, ""band"": 0.25, ""tax"": false, ""costs"": true, ""spread_floor"": 0.0, ""cash_yield"": 0.06}",bbbcd0bf5f
2026-09-30T20:31:26,real,net,S5,"{""size"": 500, ""min_price"": 20.0, ""liquidity_months"": 6, ""min_history_months"": 13, ""min_days_last_month"": 10}","{""capital"": 10000000.0, ""k"": 0.7, ""brokerage"": 0.0, ""band"": 0.25, ""tax"": false, ""costs"": true, ""spread_floor"": 0.0, ""cash_yield"": 0.06}",de4409e9fd
2026-09-30T20:31:26,real,net,S5,"{""size"": 500, ""min_price"": 20.0, ""liquidity_months"": 6, ""min_history_months"": 13, ""min_days_last_month"": 10}","{""capital"": 100000000.0, ""k"": 0.7, ""brokerage"": 0.0, ""band"": 0.25, ""tax"": false, ""costs"": true, ""spread_floor"": 0.0, ""cash_yield"": 0.06}",da2d0aa4f4
2026-09-30T20:31:26,real,net,S5,"{""size"": 500, ""min_price"": 20.0, ""liquidity_months"": 6, ""min_history_months"": 13, ""min_days_last_month"": 10}","{""capital"": 1000000000.0, ""k"": 0.7, ""brokerage"": 0.0, ""band"": 0.25, ""tax"": false, ""costs"": true, ""spread_floor"": 0.0, ""cash_yield"": 0.06}",f3748fa611
2026-09-30T20:31:26,real,net,S7,"{""size"": 500, ""min_price"": 20.0, ""liquidity_months"": 6, ""min_history_months"": 13, ""min_days_last_month"": 10}","{""capital"": 1000000.0, ""k"": 0.7, ""brokerage"": 0.0, ""band"": 0.25, ""tax"": false, ""costs"": true, ""spread_floor"": 0.0, ""cash_yield"": 0.06}",e51a2e2ea0
2026-09-30T20:31:26,real,net,S7,"{""size"": 500, ""min_price"": 20.0, ""liquidity_months"": 6, ""min_history_months"": 13, ""min_days_last_month"": 10}","{""capital"": 10000000.0, ""k"": 0.7, ""brokerage"": 0.0, ""band"": 0.25, ""tax"": false, ""costs"": true, ""spread_floor"": 0.0, ""cash_yield"": 0.06}",aceeda2aed
2026-09-30T20:31:26,real,net,S7,"{""size"": 500, ""min_price"": 20.0, ""liquidity_months"": 6, ""min_history_months"": 13, ""min_days_last_month"": 10}","{""capital"": 100000000.0, ""k"": 0.7, ""brokerage"": 0.0, ""band"": 0.25, ""tax"": false, ""costs"": true, ""spread_floor"": 0.0, ""cash_yield"": 0.06}",1064927144
2026-09-30T20:31:26,real,net,S7,"{""size"": 500, ""min_price"": 20.0, ""liquidity_months"": 6, ""min_history_months"": 13, ""min_days_last_month"": 10}","{""capital"": 1000000000.0, ""k"": 0.7, ""brokerage"": 0.0, ""band"": 0.25, ""tax"": false, ""costs"": true, ""spread_floor"": 0.0, ""cash_yield"": 0.06}",93beac0c77
